window,line_id,year,quarter,P_mean,P_std,dP_mean,T_process_mean,T_wall_mean,T_amb_mean,T_wall_std,h2s_mean,h2s_max,h2s_std,h2s_sensor_diff,vib_mean,vib_max,vib_std,arab_mean,arab_std,vapor_frac_mean,dew_point_mean,delta_T_dew_mean,delta_T_dew_min,pct_below_dew,cr_mean,cr_std,cr_max,cr_trend,t_actual,t_estimated,t_ratio,t_margin,insp_count,days_since_insp,last_result_alert,last_result_mon,h2s_design,sulfur_pct,consequence_area,financial_impact,insulated,cui_active,ssc_active,hic_active,sulfidation,fac_active,HSI,PTR,SAF,RUL_years,pof_category,RUL_years
2018-Q1,E-101,2018,1,11.539,1.934,0.225,48.13,44.09,15.6,3.508,711.6,1328.8,121.9,23.47,0.408,0.63,0.0898,0.2512,0.0204,0.2846,23.61,20.35,11.68,0.0,0.2836,0.01067,0.2954,0.0,8.27,8.257,0.6881,3.257,7,16,0,0,650,0.86,210,620000,1,1,1,1,1,0,0.5175,0.1402,2.7145,11.31,3,11.31
2018-Q2,E-101,2018,2,11.883,1.759,0.269,47.62,41.78,15.96,4.506,940.5,1227.6,109.7,31.6,0.4269,0.9117,0.1258,0.351,0.0212,0.2701,21.17,20.56,11.07,0.0,0.2836,0.01067,0.2954,0.0,8.27,8.186,0.6821,3.186,7,107,0,0,650,0.86,210,620000,1,1,1,1,1,0,0.6839,0.1429,2.6547,11.06,3,11.06
2018-Q3,E-101,2018,3,11.995,1.7,0.212,42.68,34.51,0.94,4.721,843.4,1137.1,103.7,22.6,0.4135,0.614,0.0963,0.3535,0.018,0.2581,17.05,11.48,-1.71,0.0109,0.2836,0.01067,0.2954,0.0,8.27,8.113,0.6761,3.113,7,199,0,0,650,0.86,210,620000,1,1,1,1,1,0,0.6133,0.1293,2.5942,10.81,3,10.81
2018-Q4,E-101,2018,4,11.445,1.774,0.244,42.51,36.47,0.26,8.078,648.3,1140.4,95.7,29.1,0.3865,1.026,0.1185,0.2507,0.0204,0.2562,18.41,11.22,-2.12,0.0109,0.2836,0.01067,0.2954,0.0,8.27,8.04,0.67,3.04,7,291,0,0,650,0.86,210,620000,1,1,1,1,1,0,0.4714,0.1229,2.5337,10.56,3,10.56
2019-Q1,E-101,2019,1,11.889,1.97,0.144,47.61,42.4,7.63,4.625,681.6,878.0,93.6,23.06,0.4073,1.3455,0.151,0.2519,0.0204,0.2722,18.39,19.71,9.26,0.0,0.2836,0.01067,0.2954,0.0,8.27,7.969,0.6641,2.969,7,381,0,0,650,0.86,210,620000,1,1,1,1,1,0,0.4957,0.1429,2.4746,10.31,3,10.31
2019-Q2,E-101,2019,2,12.011,2.473,0.526,48.29,41.79,16.1,4.063,677.5,883.9,84.3,19.57,0.3872,0.631,0.1017,0.246,0.0201,0.26,23.76,18.04,9.51,0.0,0.2836,0.01067,0.2954,0.0,8.27,7.898,0.6581,2.898,7,472,0,0,650,0.86,210,620000,1,1,1,1,1,0,0.4927,0.1465,2.4148,10.06,3,10.06
2019-Q3,E-101,2019,3,11.791,1.759,0.256,42.65,34.82,0.34,4.912,629.0,829.9,78.9,19.73,0.3997,0.637,0.0978,0.2479,0.0215,0.251,18.1,10.86,-4.84,0.0326,0.2836,0.01067,0.2954,0.0,8.27,7.825,0.6521,2.825,7,564,0,0,650,0.86,210,620000,1,1,1,1,1,0,0.4574,0.127,2.3543,9.81,3,9.81
2019-Q4,E-101,2019,4,11.699,1.734,0.228,42.57,35.81,0.18,5.85,631.3,1417.5,87.3,28.32,0.3907,0.631,0.0977,0.2517,0.0171,0.2618,17.45,12.11,-1.23,0.0109,0.2836,0.01067,0.2954,0.0,8.27,7.753,0.646,2.753,7,656,0,0,650,0.86,210,620000,1,1,1,1,1,0,0.4591,0.1258,2.2938,9.56,3,9.56
2020-Q1,E-101,2020,1,11.428,1.646,0.224,47.73,44.42,15.81,8.22,691.3,865.9,78.5,25.45,0.3997,0.7496,0.1164,0.2532,0.0212,0.2681,23.68,20.11,12.82,0.0,0.2836,0.01067,0.2954,0.0,8.27,7.681,0.6401,2.681,7,747,0,0,650,0.86,210,620000,1,1,1,1,1,0,0.5027,0.1377,2.234,9.31,3,9.31
2020-Q3,E-101,2020,3,11.754,1.825,0.119,43.76,35.2,0.75,5.183,639.3,854.3,78.3,22.11,0.3921,0.58,0.0948,0.2501,0.0172,0.2429,18.77,10.26,-3.16,0.0435,0.2836,0.01067,0.2954,0.0,7.71,7.6,0.6333,2.6,8,138,0,0,650,0.86,210,620000,1,1,1,1,1,0,0.4649,0.1299,2.1667,8.94,3,8.94
2020-Q4,E-101,2020,4,12.077,3.332,0.336,43.75,38.22,0.7,10.34,622.5,862.8,83.3,19.9,0.4092,0.641,0.098,0.2485,0.02,0.2482,18.35,13.03,0.94,0.0,0.2836,0.01067,0.2954,0.0,7.71,7.527,0.6272,2.527,8,230,0,0,650,0.86,210,620000,1,1,1,1,1,0,0.4527,0.1334,2.1057,8.69,3,8.69
2021-Q1,E-101,2021,1,11.897,2.296,0.391,63.67,58.73,15.83,4.437,713.5,1594.3,96.4,31.6,0.3958,0.716,0.1073,0.25,0.0179,0.3979,38.05,20.67,11.51,0.0,0.2836,0.01067,0.2954,0.0,7.71,7.455,0.6213,2.455,8,320,0,0,650,0.86,210,620000,1,1,1,1,1,0,0.5188,0.1913,2.0459,8.45,3,8.45
2021-Q2,E-101,2021,2,12.092,1.758,0.08,63.16,57.08,15.99,4.059,662.6,1491.2,91.1,29.24,0.4024,0.637,0.0918,0.2498,0.021,0.3994,38.39,18.69,10.79,0.0,0.2836,0.01067,0.2954,0.0,7.71,7.383,0.6152,2.383,8,411,0,0,650,0.86,210,620000,1,1,1,1,1,0,0.4818,0.1929,1.9856,8.2,3,8.2
2021-Q3,E-101,2021,3,12.04,1.697,0.212,42.78,34.37,0.39,4.194,464.1,601.6,57.8,18.83,0.3834,1.0114,0.1166,0.1529,0.0189,0.2579,19.99,7.5,-4.25,0.0978,0.2836,0.01067,0.2954,0.0,7.71,7.309,0.6091,2.309,8,503,0,0,650,0.86,210,620000,1,1,1,1,1,0,0.3375,0.1301,1.9245,7.94,3,7.94
2021-Q4,E-101,2021,4,11.568,2.194,0.289,41.83,35.57,0.29,4.902,457.8,1050.2,68.5,25.16,0.4131,0.8861,0.1107,0.1473,0.0211,0.2568,19.47,10.18,-1.96,0.0326,0.2836,0.01067,0.2954,0.0,7.71,7.236,0.603,2.236,8,595,0,0,650,0.86,210,620000,1,1,1,1,1,0,0.3329,0.1222,1.8634,7.69,3,7.69
2022-Q1,E-101,2022,1,12.913,2.282,0.274,48.98,44.32,15.28,4.049,686.1,1632.5,110.2,30.87,0.4018,0.643,0.1084,0.2476,0.0208,0.2756,23.48,20.76,11.27,0.0,0.2836,0.01067,0.2954,0.0,7.71,7.164,0.597,2.164,8,685,0,0,650,0.86,210,620000,1,1,1,1,1,0,0.4989,0.1597,1.8037,7.45,3,7.45
2022-Q2,E-101,2022,2,12.695,2.263,-0.046,47.92,42.17,15.88,4.344,686.9,952.7,86.2,23.91,0.3965,0.612,0.1057,0.2512,0.0215,0.2648,22.71,19.4,10.73,0.0,0.2836,0.01067,0.2954,0.0,6.98,6.969,0.5808,1.969,9,15,0,0,650,0.86,210,620000,1,1,1,1,1,0,0.4995,0.1536,1.641,7.45,3,7.45
2022-Q3,E-101,2022,3,12.994,1.662,0.203,41.94,34.51,0.4,5.097,617.1,923.6,87.5,20.62,0.4166,0.702,0.0993,0.2502,0.0209,0.2586,17.06,11.58,-1.65,0.0217,0.2836,0.01067,0.2954,0.0,6.98,6.903,0.5752,1.903,9,107,0,0,650,0.86,210,620000,1,1,1,1,1,0,0.4487,0.1376,1.5855,7.2,3,7.2
2022-Q4,E-101,2022,4,13.073,2.115,0.243,43.07,37.19,0.15,5.016,625.3,1545.9,84.9,29.5,0.392,0.62,0.0943,0.2511,0.0171,0.2254,18.88,11.83,-3.82,0.0326,0.2836,0.01067,0.2954,0.0,6.98,6.836,0.5697,1.836,9,199,0,0,650,0.86,210,620000,1,1,1,1,1,0,0.4547,0.1422,1.53,6.95,3,6.95
2018-Q1,L-01,2018,1,8.415,1.238,0.25,144.63,140.46,15.43,3.603,499.7,1106.4,85.6,29.27,1.2098,1.494,0.105,0.2504,0.0179,0.5406,122.1,18.35,11.23,0.0,0.28277,0.01353,0.3106,0.0,5.02,4.632,0.5662,0.632,8,532,0,0,450,0.86,85,450000,1,1,1,1,1,0,0.7677,0.1521,0.7721,2.37,4,2.37
2018-Q2,L-01,2018,2,8.591,1.235,0.239,145.33,139.64,15.71,4.55,643.3,804.6,78.3,21.8,1.1949,1.479,0.1045,0.3486,0.0193,0.5364,121.35,18.32,6.86,0.0,0.28277,0.01353,0.3106,0.0,4.53,4.476,0.5472,0.476,9,76,0,1,450,0.86,85,450000,1,1,1,1,1,0,1.4826,0.1561,0.5817,1.83,4,1.83
2018-Q3,L-01,2018,3,8.566,1.674,0.329,139.22,131.56,0.57,4.742,570.6,1299.9,82.0,25.82,1.1887,1.44,0.1105,0.3522,0.0206,0.5127,115.58,9.8,-3.18,0.0217,0.28277,0.01353,0.3106,0.0,4.53,4.41,0.5392,0.41,9,168,0,1,450,0.86,85,450000,1,1,1,1,1,0,1.3151,0.1491,0.5016,1.58,5,1.58
2018-Q4,L-01,2018,4,8.609,0.999,0.235,141.26,132.93,0.15,5.183,441.6,903.0,67.9,21.68,1.1937,1.472,0.1062,0.2498,0.0204,0.5049,117.08,9.93,-4.5,0.0435,0.28277,0.01353,0.3106,0.0,4.53,4.345,0.5311,0.345,9,260,0,1,450,0.86,85,450000,1,1,1,1,1,0,1.0176,0.152,0.4215,1.33,4,1.33
2019-Q1,L-01,2019,1,8.595,1.33,0.247,145.72,139.32,7.7,4.417,462.9,618.9,65.0,16.27,1.2436,3.0915,0.2796,0.2479,0.0185,0.5328,117.07,18.61,2.89,0.0,0.28277,0.01353,0.3106,0.0,4.53,4.281,0.5233,0.281,9,350,0,1,450,0.86,85,450000,1,1,1,1,1,0,1.0668,0.1566,0.3431,1.08,4,1.08
2019-Q2,L-01,2019,2,8.272,1.336,0.271,144.99,138.52,16.02,4.487,489.3,1198.1,75.6,23.86,1.2075,1.461,0.0882,0.2505,0.0202,0.5098,122.52,16.07,7.49,0.0,0.28277,0.01353,0.3106,0.0,4.53,4.216,0.5154,0.216,9,441,0,1,450,0.86,85,450000,1,1,1,1,1,0,1.1276,0.1499,0.2639,0.83,5,0.83
2019-Q3,L-01,2019,3,8.752,1.728,0.244,139.36,130.99,0.46,4.253,432.9,819.3,57.7,21.27,1.2033,1.487,0.1114,0.2509,0.0207,0.513,117.47,7.36,-5.12,0.0978,0.28277,0.01353,0.3106,0.0,4.11,4.074,0.498,0.074,10,46,1,0,450,0.86,85,450000,1,1,1,1,1,0,1.3302,0.1525,0.0903,0.26,5,0.26
2019-Q4,L-01,2019,4,8.348,1.281,0.256,141.42,133.52,0.01,5.131,434.6,898.2,56.4,24.86,1.2334,3.1168,0.2252,0.2514,0.0231,0.5431,117.87,9.62,-3.54,0.0435,0.28277,0.01353,0.3106,0.0,4.11,4.01,0.4902,0.01,10,138,1,0,450,0.86,85,450000,1,1,1,1,1,0,1.3353,0.1476,0.0122,0.03,5,0.03
2020-Q1,L-01,2020,1,8.558,1.199,0.229,144.62,140.54,15.65,3.777,471.1,605.5,55.5,17.07,1.183,1.464,0.101,0.2511,0.0206,0.5252,122.23,18.32,10.7,0.0,0.28277,0.01353,0.3106,0.0,4.11,4.01,0.4902,0.01,10,229,1,0,450,0.86,85,450000,1,1,1,1,1,0,1.4477,0.1547,0.0122,0.03,5,0.03
2020-Q3,L-01,2020,3,8.784,1.945,0.466,139.33,133.34,0.28,19.241,410.6,532.2,52.7,16.67,1.2089,1.538,0.1193,0.247,0.0215,0.5215,117.15,8.34,-6.26,0.0652,0.28277,0.01353,0.3106,0.0,4.11,4.01,0.4902,0.01,10,412,1,0,450,0.86,85,450000,1,1,1,1,1,0,1.2616,0.153,0.0122,0.03,5,0.03
2020-Q4,L-01,2020,4,8.746,1.365,0.295,140.04,134.57,0.29,5.514,432.7,554.9,54.3,18.25,1.2077,1.47,0.0988,0.2521,0.0195,0.4998,117.77,10.55,-3.1,0.0652,0.28277,0.01353,0.3106,0.0,4.11,4.01,0.4902,0.01,10,504,1,0,450,0.86,85,450000,1,1,1,1,1,0,1.3296,0.1531,0.0122,0.03,5,0.03
2021-Q1,L-01,2021,1,8.681,1.479,0.257,159.54,155.32,15.58,3.907,467.6,638.2,60.5,15.12,1.1952,1.421,0.0992,0.2518,0.0177,0.6518,136.68,18.69,10.64,0.0,0.28277,0.01353,0.3106,0.0,4.11,4.01,0.4902,0.01,10,594,1,0,450,0.86,85,450000,1,1,1,1,1,0,1.4369,0.1731,0.0122,0.03,5,0.03
2021-Q2,L-01,2021,2,8.62,1.405,0.35,159.39,155.07,15.97,13.877,455.7,598.4,70.3,14.62,1.2074,1.451,0.0977,0.252,0.02,0.6326,137.04,16.65,8.15,0.0,0.28277,0.01353,0.3106,0.0,4.1,4.042,0.4941,0.042,11,76,1,0,450,0.86,85,450000,1,1,1,1,1,0,1.4003,0.1717,0.0508,0.15,4,0.15
2021-Q3,L-01,2021,3,8.394,1.18,0.173,138.91,131.41,0.54,4.361,320.1,715.1,47.4,18.26,1.2064,1.459,0.1089,0.1495,0.0205,0.5188,117.32,7.87,-5.27,0.087,0.28277,0.01353,0.3106,0.0,4.1,4.01,0.4902,0.01,11,168,1,0,450,0.86,85,450000,1,1,1,1,1,0,0.9836,0.1458,0.0122,0.04,5,0.04
2021-Q4,L-01,2021,4,8.966,1.927,0.365,139.82,133.66,0.01,5.764,320.4,456.6,41.8,16.16,1.2275,2.5425,0.1702,0.1491,0.0193,0.5213,118.52,8.76,-5.48,0.087,0.28277,0.01353,0.3106,0.0,4.1,4.01,0.4902,0.01,11,260,1,0,450,0.86,85,450000,1,1,1,1,1,0,0.9846,0.1567,0.0122,0.04,4,0.04
2022-Q1,L-01,2022,1,9.457,1.51,0.083,147.96,142.05,15.6,5.088,475.2,1120.2,80.7,24.34,1.1965,1.387,0.0894,0.2492,0.0173,0.5361,123.28,18.77,11.09,0.0,0.28277,0.01353,0.3106,0.0,4.1,4.01,0.4902,0.01,11,350,1,0,450,0.86,85,450000,1,1,1,1,1,0,1.4602,0.1749,0.0122,0.04,5,0.04
2022-Q2,L-01,2022,2,9.298,1.498,0.109,145.07,139.16,15.65,4.25,477.2,1288.2,88.0,29.31,1.1895,1.424,0.0921,0.2488,0.0189,0.5346,122.41,16.63,7.08,0.0,0.28277,0.01353,0.3106,0.0,4.1,4.01,0.4902,0.01,11,441,1,0,450,0.86,85,450000,1,1,1,1,1,0,1.4663,0.1686,0.0122,0.04,5,0.04
2022-Q3,L-01,2022,3,9.909,1.595,0.373,139.37,131.54,0.39,5.0,426.0,544.9,51.4,17.14,1.2166,1.8415,0.1089,0.2507,0.0187,0.5085,116.91,8.84,-3.98,0.0761,0.28277,0.01353,0.3106,0.0,4.1,4.01,0.4902,0.01,11,533,1,0,450,0.86,85,450000,1,1,1,1,1,0,1.309,0.1726,0.0122,0.04,5,0.04
2022-Q4,L-01,2022,4,9.331,1.859,0.355,139.51,133.08,0.01,4.976,426.4,596.3,56.2,20.03,1.2138,1.405,0.0997,0.2524,0.0224,0.504,117.11,9.58,-4.31,0.0217,0.28277,0.01353,0.3106,0.0,4.1,4.088,0.4997,0.088,12,16,1,0,450,0.86,85,450000,1,1,1,1,1,0,1.3103,0.1627,0.1071,0.31,5,0.31
2018-Q1,L-02,2018,1,6.291,0.967,0.254,100.34,97.47,15.91,9.791,418.5,820.6,68.9,21.18,1.801,2.033,0.0967,0.2499,0.0184,0.423,79.06,17.58,9.15,0.0,0.29123,0.01674,0.3215,0.0,2.9,2.81,0.5118,0.01,8,409,1,0,380,0.86,32,180000,1,1,1,1,1,0,2.3367,0.1578,0.0182,0.03,5,0.03
2018-Q2,L-02,2018,2,6.221,1.055,0.081,101.83,95.18,16.04,4.651,548.4,709.3,58.1,17.16,1.7759,2.042,0.0975,0.3501,0.0222,0.4022,78.79,16.33,9.28,0.0,0.29123,0.01674,0.3215,0.0,2.9,2.81,0.5118,0.01,8,500,1,0,380,0.86,32,180000,1,1,1,1,1,0,3.0624,0.1584,0.0182,0.03,5,0.03
2018-Q3,L-02,2018,3,6.203,1.011,0.253,95.2,87.38,1.01,5.363,484.9,657.8,62.6,18.55,1.8125,4.5043,0.2982,0.3483,0.0201,0.397,72.68,9.16,-3.82,0.0543,0.29123,0.01674,0.3215,0.0,2.9,2.861,0.5211,0.061,9,46,1,0,380,0.86,32,180000,1,1,1,1,1,0,2.7075,0.1476,0.1112,0.2,5,0.2
2018-Q4,L-02,2018,4,6.211,0.855,0.245,95.75,90.24,0.67,5.312,367.6,548.8,56.1,19.37,1.8055,2.013,0.0836,0.2521,0.0218,0.3912,74.28,10.12,-1.99,0.0326,0.29123,0.01674,0.3215,0.0,2.9,2.81,0.5118,0.01,9,138,1,0,380,0.86,32,180000,1,1,1,1,1,0,2.0523,0.1487,0.0182,0.03,5,0.03
2019-Q1,L-02,2019,1,6.334,1.246,0.248,100.69,95.96,7.7,4.857,412.3,939.1,65.9,30.67,1.804,2.059,0.0945,0.2535,0.0189,0.4154,73.93,18.21,7.87,0.0,0.29123,0.01674,0.3215,0.0,2.9,2.81,0.5118,0.01,9,228,1,0,380,0.86,32,180000,1,1,1,1,1,0,2.3024,0.1594,0.0182,0.03,5,0.03
2019-Q2,L-02,2019,2,6.312,1.198,0.355,102.04,94.69,15.79,4.361,402.5,543.6,47.0,17.55,1.7925,2.099,0.1097,0.2464,0.021,0.4102,78.3,16.38,8.47,0.0,0.29123,0.01674,0.3215,0.0,2.9,2.81,0.5118,0.01,9,319,1,0,380,0.86,32,180000,1,1,1,1,1,0,2.2476,0.161,0.0182,0.03,5,0.03
2019-Q3,L-02,2019,3,6.252,1.096,0.274,98.19,89.88,0.59,14.423,361.4,478.1,45.3,17.28,1.7916,1.996,0.1008,0.254,0.0207,0.4068,75.41,7.3,-4.79,0.0652,0.29123,0.01674,0.3215,0.0,2.9,2.81,0.5118,0.01,9,411,1,0,380,0.86,32,180000,1,1,1,1,1,0,2.018,0.1535,0.0182,0.03,5,0.03
2019-Q4,L-02,2019,4,6.297,0.898,0.163,96.77,90.19,0.12,6.714,364.6,681.0,44.5,19.68,1.8426,4.7042,0.3196,0.2522,0.019,0.4012,75.08,8.92,-3.84,0.087,0.29123,0.01674,0.3215,0.0,2.9,2.888,0.5261,0.088,10,16,1,0,380,0.86,32,180000,1,1,1,1,1,0,2.0359,0.1523,0.1608,0.33,5,0.33
2020-Q1,L-02,2020,1,6.27,1.242,0.334,101.32,97.18,15.81,4.016,399.4,570.0,51.7,16.9,1.8014,2.002,0.1053,0.2491,0.0213,0.3975,79.88,17.35,7.88,0.0,0.29123,0.01674,0.3215,0.0,2.9,2.821,0.5139,0.021,10,107,1,0,380,0.86,32,180000,1,1,1,1,1,0,2.2304,0.1588,0.0392,0.08,5,0.08
2020-Q3,L-02,2020,3,6.232,0.897,0.234,96.49,89.25,0.71,10.581,358.5,476.7,49.1,16.54,1.8113,2.063,0.0961,0.2514,0.022,0.4386,74.69,7.36,-4.56,0.1413,0.29123,0.01674,0.3215,0.0,2.9,2.81,0.5118,0.01,10,290,1,0,380,0.86,32,180000,1,1,1,1,1,0,2.0018,0.1503,0.0182,0.04,5,0.04
2020-Q4,L-02,2020,4,6.021,0.956,0.262,95.44,89.18,0.25,5.471,362.9,473.1,45.5,17.51,1.823,2.062,0.0949,0.2476,0.0188,0.3812,73.72,9.14,-5.3,0.0435,0.29123,0.01674,0.3215,0.0,2.9,2.81,0.5118,0.01,10,382,1,0,380,0.86,32,180000,1,1,1,1,1,0,2.0263,0.1437,0.0182,0.04,5,0.04
2021-Q1,L-02,2021,1,6.212,0.788,0.268,115.79,111.47,15.54,4.241,395.8,571.8,48.9,16.18,1.7887,2.043,0.1033,0.2545,0.017,0.5371,94.13,17.33,7.39,0.0,0.29123,0.01674,0.3215,0.0,2.9,2.81,0.5118,0.01,10,472,1,0,380,0.86,32,180000,1,1,1,1,1,0,2.2101,0.1798,0.0182,0.04,5,0.04
2021-Q2,L-02,2021,2,6.298,0.87,0.268,115.48,109.83,15.93,4.073,388.9,866.6,61.8,23.74,1.7831,2.035,0.0867,0.2516,0.0211,0.5267,93.9,15.84,3.91,0.0,0.29123,0.01674,0.3215,0.0,2.9,2.841,0.5175,0.041,11,76,1,0,380,0.86,32,180000,1,1,1,1,1,0,2.1717,0.1818,0.0751,0.15,5,0.15
2021-Q3,L-02,2021,3,6.308,1.295,0.3,96.84,88.31,0.58,5.748,272.6,681.9,37.5,21.95,1.8185,2.11,0.111,0.1518,0.0243,0.391,74.34,8.26,-1.95,0.087,0.29123,0.01674,0.3215,0.0,2.9,2.81,0.5118,0.01,11,168,1,0,380,0.86,32,180000,1,1,1,1,1,0,1.5223,0.1527,0.0182,0.04,5,0.04
2021-Q4,L-02,2021,4,6.23,0.984,0.275,95.09,90.59,0.23,13.103,268.7,366.1,31.3,17.2,1.803,2.034,0.0994,0.1511,0.0214,0.4127,74.37,8.84,-7.54,0.0978,0.29123,0.01674,0.3215,0.0,2.9,2.81,0.5118,0.01,11,260,1,0,380,0.86,32,180000,1,1,1,1,1,0,1.5002,0.1481,0.0182,0.04,5,0.04
2022-Q1,L-02,2022,1,6.639,1.121,0.25,100.39,96.34,15.32,4.073,387.3,544.8,55.0,20.67,1.8065,2.093,0.1116,0.251,0.0179,0.4058,78.84,17.5,9.61,0.0,0.29123,0.01674,0.3215,0.0,2.9,2.81,0.5118,0.01,11,350,1,0,380,0.86,32,180000,1,1,1,1,1,0,2.1628,0.1666,0.0182,0.04,5,0.04
2022-Q2,L-02,2022,2,6.82,1.087,0.324,100.83,96.61,15.82,13.959,393.1,513.0,49.9,17.6,1.7912,2.008,0.0991,0.2518,0.0204,0.4298,78.79,16.36,7.87,0.0,0.29123,0.01674,0.3215,0.0,2.9,2.81,0.5118,0.01,11,441,1,0,380,0.86,32,180000,1,1,1,1,1,0,2.1952,0.1719,0.0182,0.04,5,0.04
2022-Q3,L-02,2022,3,6.602,1.053,0.116,97.34,88.33,0.79,5.008,364.9,462.2,43.1,17.15,1.7907,1.979,0.0938,0.2477,0.0175,0.4092,73.79,8.37,-3.78,0.0652,0.29123,0.01674,0.3215,0.0,2.9,2.888,0.526,0.088,12,15,1,0,380,0.86,32,180000,1,1,1,1,1,0,2.0377,0.1607,0.1601,0.3,5,0.3
2022-Q4,L-02,2022,4,6.801,1.037,0.245,95.44,89.43,0.31,5.623,347.4,472.4,42.9,15.89,1.7993,2.085,0.1075,0.2518,0.0199,0.4091,74.13,9.16,-3.69,0.0543,0.29123,0.01674,0.3215,0.0,2.9,2.814,0.5125,0.014,12,107,1,0,380,0.86,32,180000,1,1,1,1,1,0,1.9396,0.1623,0.025,0.05,5,0.05
2018-Q1,L-03,2018,1,5.833,0.949,0.202,180.7,176.73,15.75,3.989,1929.5,2930.7,281.8,45.04,2.1081,2.326,0.0899,0.2531,0.0198,0.6325,149.94,26.75,15.16,0.0,0.34694,0.02282,0.382,0.0,3.6,3.51,0.4937,0.01,11,167,1,0,1800,0.86,145,620000,1,1,1,1,1,0,2.0923,0.1075,0.0141,0.03,5,0.03
2018-Q2,L-03,2018,2,5.809,0.954,0.295,182.09,176.2,15.72,6.263,2518.6,3421.5,297.8,65.27,2.1271,4.9953,0.3208,0.3489,0.0193,0.6055,147.94,28.33,16.93,0.0,0.34694,0.02282,0.382,0.0,3.6,3.51,0.4937,0.01,11,258,1,0,1800,0.86,145,620000,1,1,1,1,1,0,2.7311,0.1079,0.0141,0.03,5,0.03
2018-Q3,L-03,2018,3,5.979,0.936,0.197,178.25,167.21,0.64,4.66,2333.2,3081.0,242.6,58.81,2.1402,5.1395,0.3378,0.3493,0.0171,0.6019,142.64,18.72,5.28,0.0,0.34694,0.02282,0.382,0.0,3.6,3.51,0.4937,0.01,11,350,1,0,1800,0.86,145,620000,1,1,1,1,1,0,2.5301,0.1087,0.0141,0.03,5,0.03
2018-Q4,L-03,2018,4,5.787,0.879,0.235,175.09,170.92,0.59,16.259,1834.1,4418.6,307.7,92.82,2.0991,2.304,0.1101,0.2533,0.0194,0.5995,145.01,17.93,4.71,0.0,0.34694,0.02282,0.382,0.0,3.6,3.552,0.4996,0.052,12,46,1,0,1800,0.86,145,620000,1,1,1,1,1,0,1.9888,0.1034,0.0729,0.14,5,0.14
2019-Q1,L-03,2019,1,5.873,1.207,0.327,180.57,175.5,7.76,4.761,1869.2,2330.4,220.9,44.11,2.0959,2.336,0.0988,0.2489,0.0198,0.6252,144.7,27.33,13.24,0.0,0.34694,0.02282,0.382,0.0,3.6,3.51,0.4937,0.01,12,136,1,0,1800,0.86,145,620000,1,1,1,1,1,0,2.0269,0.1082,0.0141,0.03,5,0.03
2019-Q2,L-03,2019,2,5.848,1.085,0.306,180.83,174.81,15.49,4.409,1922.9,2629.5,234.5,44.63,2.1264,4.9827,0.3196,0.2507,0.021,0.618,150.42,24.26,15.05,0.0,0.34694,0.02282,0.382,0.0,3.6,3.51,0.4937,0.01,12,227,1,0,1800,0.86,145,620000,1,1,1,1,1,0,2.0851,0.1079,0.0141,0.03,5,0.03
2019-Q3,L-03,2019,3,5.877,0.879,0.168,175.54,167.43,0.72,4.579,1701.5,2344.4,248.9,40.12,2.1058,2.312,0.0908,0.2508,0.0215,0.6281,145.96,15.69,0.24,0.0,0.34694,0.02282,0.382,0.0,3.6,3.51,0.4937,0.01,12,319,1,0,1800,0.86,145,620000,1,1,1,1,1,0,1.845,0.1053,0.0141,0.03,5,0.03
2019-Q4,L-03,2019,4,5.979,0.925,0.288,177.58,169.69,0.47,5.128,1712.3,2310.0,221.3,43.59,2.0948,2.281,0.0937,0.2518,0.0194,0.6087,146.33,17.02,1.74,0.0,0.34694,0.02282,0.382,0.0,3.6,3.555,0.5,0.055,13,46,1,0,1800,0.86,145,620000,1,1,1,1,1,0,1.8567,0.1083,0.0776,0.16,5,0.16
2020-Q1,L-03,2020,1,5.924,0.937,0.232,181.16,177.09,15.46,3.861,1897.8,2500.1,231.6,48.82,2.1221,2.363,0.0907,0.2506,0.0207,0.6384,150.87,26.22,16.28,0.0,0.34694,0.02282,0.382,0.0,3.6,3.51,0.4937,0.01,13,137,1,0,1800,0.86,145,620000,1,1,1,1,1,0,2.0579,0.1095,0.0141,0.03,5,0.03
2020-Q3,L-03,2020,3,5.658,0.99,0.24,179.91,167.1,0.5,5.137,1717.8,2209.8,209.6,45.78,2.1274,2.414,0.1162,0.2482,0.0217,0.6271,146.25,13.98,-0.11,0.0109,0.34694,0.02282,0.382,0.0,3.6,3.51,0.4937,0.01,13,320,1,0,1800,0.86,145,620000,1,1,1,1,1,0,1.8627,0.1039,0.0141,0.03,5,0.03
2020-Q4,L-03,2020,4,5.811,1.198,0.375,174.99,170.48,0.37,16.169,1731.2,2324.8,231.8,54.1,2.0972,2.36,0.1002,0.2532,0.0194,0.61,145.34,17.51,0.36,0.0,0.34694,0.02282,0.382,0.0,3.6,3.529,0.4964,0.029,14,77,1,0,1800,0.86,145,620000,1,1,1,1,1,0,1.8773,0.1038,0.0409,0.09,5,0.09
2021-Q1,L-03,2021,1,5.95,1.317,0.261,195.56,191.55,15.83,4.104,1936.0,2483.2,269.4,51.98,2.169,4.7482,0.4559,0.2512,0.0198,0.7382,164.51,27.0,19.4,0.0,0.34694,0.02282,0.382,0.0,3.6,3.51,0.4937,0.01,14,167,1,0,1800,0.86,145,620000,1,1,1,1,1,0,2.0993,0.1187,0.0141,0.03,5,0.03
2021-Q2,L-03,2021,2,5.594,0.831,0.248,195.57,189.6,16.07,4.244,1838.7,2402.5,253.2,49.95,2.0999,2.342,0.0981,0.248,0.0191,0.7336,165.63,24.02,11.67,0.0,0.34694,0.02282,0.382,0.0,3.6,3.51,0.4937,0.01,14,258,1,0,1800,0.86,145,620000,1,1,1,1,1,0,1.9938,0.1116,0.0141,0.03,5,0.03
2021-Q3,L-03,2021,3,5.945,1.071,0.34,175.53,167.62,0.54,4.311,1262.0,2879.7,181.9,47.56,2.1175,2.393,0.0936,0.1524,0.0196,0.6173,149.27,12.18,0.11,0.0,0.34694,0.02282,0.382,0.0,3.6,3.558,0.5004,0.058,15,46,1,0,1800,0.86,145,620000,1,1,1,1,1,0,1.3684,0.1065,0.0809,0.17,5,0.17
2021-Q4,L-03,2021,4,5.884,0.923,0.218,177.24,169.86,0.23,5.319,1321.7,3333.7,206.6,68.92,2.1043,2.304,0.0938,0.1487,0.022,0.6155,148.41,14.85,2.59,0.0,0.34694,0.02282,0.382,0.0,3.6,3.51,0.4937,0.01,15,138,1,0,1800,0.86,145,620000,1,1,1,1,1,0,1.4332,0.1064,0.0141,0.03,5,0.03
2022-Q1,L-03,2022,1,6.351,0.941,0.066,182.39,178.37,15.24,4.216,1871.5,3109.5,257.3,66.33,2.0902,2.316,0.109,0.2496,0.02,0.6293,152.0,26.37,15.82,0.0,0.34694,0.02282,0.382,0.0,3.6,3.51,0.4937,0.01,15,228,1,0,1800,0.86,145,620000,1,1,1,1,1,0,2.0294,0.1182,0.0141,0.03,5,0.03
2022-Q2,L-03,2022,2,6.188,1.084,0.144,181.67,175.75,16.14,4.698,1893.8,2538.6,247.7,44.38,2.0918,2.35,0.107,0.2516,0.0202,0.6231,151.21,24.54,14.05,0.0,0.34694,0.02282,0.382,0.0,3.6,3.51,0.4937,0.01,15,319,1,0,1800,0.86,145,620000,1,1,1,1,1,0,2.0536,0.1147,0.0141,0.03,5,0.03
2022-Q3,L-03,2022,3,6.426,0.997,0.244,177.77,167.41,0.51,4.966,1719.6,2187.0,216.7,46.78,2.1158,4.0081,0.2284,0.2477,0.0177,0.6182,145.88,15.27,-0.7,0.0109,0.34694,0.02282,0.382,0.0,3.6,3.51,0.4937,0.01,15,411,1,0,1800,0.86,145,620000,1,1,1,1,1,0,1.8646,0.1166,0.0141,0.03,5,0.03
2022-Q4,L-03,2022,4,6.424,1.056,0.291,175.55,169.23,0.18,5.137,1694.4,2194.3,197.2,36.12,2.1414,4.7326,0.3658,0.2459,0.019,0.629,145.56,17.39,4.64,0.0,0.34694,0.02282,0.382,0.0,3.6,3.524,0.4957,0.024,16,77,1,0,1800,0.86,145,620000,1,1,1,1,1,0,1.8374,0.1151,0.0342,0.07,5,0.07
2018-Q1,L-04,2018,1,12.666,1.919,0.249,287.51,283.39,15.32,3.89,0.0,0.0,0.0,0.0,0.7835,1.009,0.0994,0.2487,0.02,0.9055,266.81,16.66,9.22,0.0,0.1249,0.00732,0.1388,0.0,4.43,4.32,0.7176,1.32,5,320,0,0,0,0.0,28,95000,1,1,0,0,0,1,0.0,0.1821,2.1922,10.49,3,10.49
2018-Q2,L-04,2018,2,12.167,1.631,0.277,287.36,281.39,15.93,4.221,0.0,0.0,0.0,0.0,0.814,1.8421,0.1393,0.3495,0.0192,0.8904,267.04,14.41,6.99,0.0,0.1249,0.00732,0.1388,0.0,4.43,4.288,0.7123,1.288,5,411,0,0,0,0.0,28,95000,1,1,0,0,0,1,0.0,0.1748,2.1401,10.24,3,10.24
2018-Q3,L-04,2018,3,12.732,1.82,0.265,285.49,274.7,0.54,4.645,0.0,0.0,0.0,0.0,0.7951,1.019,0.0959,0.3527,0.0179,0.8857,262.24,12.45,2.25,0.0,0.1249,0.00732,0.1388,0.0,4.43,4.257,0.7071,1.257,5,503,0,0,0,0.0,28,95000,1,1,0,0,0,1,0.0,0.1817,2.0874,9.99,3,9.99
2018-Q4,L-04,2018,4,12.657,2.499,0.207,282.28,276.19,-0.18,5.81,0.0,0.0,0.0,0.0,0.7917,0.965,0.0844,0.2515,0.0205,0.9015,261.76,14.37,3.81,0.0,0.1249,0.00732,0.1388,0.0,4.43,4.225,0.7018,1.225,5,595,0,0,0,0.0,28,95000,1,1,0,0,0,1,0.0,0.1786,2.0348,9.74,3,9.74
2019-Q1,L-04,2019,1,12.458,2.0,0.271,287.53,282.64,7.69,4.691,0.0,0.0,0.0,0.0,0.7894,1.124,0.1159,0.2488,0.0234,0.9102,261.65,21.02,8.71,0.0,0.1249,0.00732,0.1388,0.0,4.43,4.194,0.6967,1.194,5,685,0,0,0,0.0,28,95000,1,1,0,0,0,1,0.0,0.1791,1.9832,9.49,3,9.49
2019-Q2,L-04,2019,2,12.46,2.055,0.238,290.28,284.44,15.9,5.588,0.0,0.0,0.0,0.0,0.7975,1.0,0.0927,0.2498,0.0185,0.9053,269.75,14.68,5.38,0.0,0.1249,0.00732,0.1388,0.0,4.43,4.163,0.6915,1.163,5,776,0,0,0,0.0,28,95000,1,1,0,0,0,1,0.0,0.1808,1.9311,9.24,3,9.24
2019-Q3,L-04,2019,3,12.371,1.666,0.242,287.22,282.48,0.39,53.743,0.0,0.0,0.0,0.0,0.7936,1.5096,0.1315,0.251,0.0191,0.8826,262.75,11.78,-2.8,0.0109,0.1249,0.00732,0.1388,0.0,4.43,4.131,0.6862,1.131,5,868,0,0,0,0.0,28,95000,1,1,0,0,0,1,0.0,0.1777,1.8785,8.99,3,8.99
2019-Q4,L-04,2019,4,12.63,2.36,0.356,288.09,281.83,0.06,9.757,0.0,0.0,0.0,0.0,0.8133,1.7955,0.1498,0.2476,0.0197,0.894,267.71,14.2,2.25,0.0,0.1249,0.00732,0.1388,0.0,4.43,4.099,0.6809,1.099,5,960,0,0,0,0.0,28,95000,1,1,0,0,0,1,0.0,0.1819,1.8258,8.74,3,8.74
2020-Q1,L-04,2020,1,12.316,1.864,0.25,287.54,283.37,15.45,4.66,0.0,0.0,0.0,0.0,0.8039,1.03,0.1068,0.2481,0.0195,0.9043,267.01,16.36,9.1,0.0,0.1249,0.00732,0.1388,0.0,4.43,4.068,0.6757,1.068,5,1051,0,0,0,0.0,28,95000,1,1,0,0,0,1,0.0,0.1771,1.7737,8.49,3,8.49
2020-Q3,L-04,2020,3,12.62,1.922,0.285,286.75,273.79,0.54,4.895,0.0,0.0,0.0,0.0,0.8287,2.0056,0.1969,0.2489,0.0209,0.891,262.03,11.76,5.33,0.0,0.1249,0.00732,0.1388,0.0,4.07,4.014,0.6668,1.014,6,168,0,0,0,0.0,28,95000,1,1,0,0,0,1,0.0,0.1809,1.6849,8.38,3,8.38
2020-Q4,L-04,2020,4,12.418,1.646,0.233,286.71,276.03,0.34,4.794,0.0,0.0,0.0,0.0,0.7874,0.973,0.0968,0.251,0.0216,0.889,262.2,13.93,5.18,0.0,0.1249,0.00732,0.1388,0.0,4.07,3.984,0.6618,0.984,6,260,0,0,0,0.0,28,95000,1,1,0,0,0,1,0.0,0.178,1.6342,8.13,3,8.13
2021-Q1,L-04,2021,1,12.492,1.934,0.287,301.73,297.65,15.32,3.35,0.0,0.0,0.0,0.0,0.8061,1.072,0.1019,0.2516,0.0197,0.9729,281.35,16.27,7.98,0.0,0.1249,0.00732,0.1388,0.0,4.07,3.954,0.6568,0.954,6,350,0,0,0,0.0,28,95000,1,1,0,0,0,1,0.0,0.1885,1.5847,7.88,3,7.88
2021-Q2,L-04,2021,2,12.454,1.72,0.262,310.22,296.93,16.01,4.029,0.0,0.0,0.0,0.0,0.8039,1.3901,0.1191,0.2499,0.0196,0.9763,281.72,15.18,6.68,0.0,0.1249,0.00732,0.1388,0.0,4.07,3.924,0.6518,0.924,6,441,0,0,0,0.0,28,95000,1,1,0,0,0,1,0.0,0.1932,1.5346,7.63,3,7.63
2021-Q3,L-04,2021,3,12.8,1.712,0.286,282.46,274.25,0.27,4.67,0.0,0.0,0.0,0.0,0.7934,1.099,0.1073,0.1517,0.019,0.9175,261.57,12.64,4.17,0.0,0.1249,0.00732,0.1388,0.0,4.07,3.893,0.6467,0.893,6,533,0,0,0,0.0,28,95000,1,1,0,0,0,1,0.0,0.1808,1.4839,7.38,3,7.38
2021-Q4,L-04,2021,4,12.507,2.09,0.254,286.72,276.4,0.46,5.343,0.0,0.0,0.0,0.0,0.7874,0.989,0.0891,0.149,0.0201,0.8934,261.83,14.59,1.33,0.0,0.1249,0.00732,0.1388,0.0,4.07,3.863,0.6417,0.863,6,625,0,0,0,0.0,28,95000,1,1,0,0,0,1,0.0,0.1793,1.4332,7.13,3,7.13
2022-Q1,L-04,2022,1,13.624,2.034,0.044,287.26,283.04,15.71,4.039,0.0,0.0,0.0,0.0,0.8042,1.097,0.0988,0.2507,0.0196,0.8986,266.4,16.64,8.73,0.0,0.1249,0.00732,0.1388,0.0,4.07,3.833,0.6367,0.833,6,715,0,0,0,0.0,28,95000,1,1,0,0,0,1,0.0,0.1957,1.3837,6.88,3,6.88
2022-Q2,L-04,2022,2,14.203,3.238,0.508,287.87,284.09,15.59,25.127,0.0,0.0,0.0,0.0,0.8127,1.7403,0.1371,0.2472,0.021,0.8951,266.9,14.6,6.1,0.0,0.1249,0.00732,0.1388,0.0,4.07,3.803,0.6317,0.803,6,806,0,0,0,0.0,28,95000,1,1,0,0,0,1,0.0,0.2044,1.3336,6.63,3,6.63
2022-Q3,L-04,2022,3,13.692,1.993,0.256,282.59,275.07,0.98,5.221,0.0,0.0,0.0,0.0,0.7973,1.9692,0.1539,0.2494,0.0197,0.8928,261.36,13.74,3.49,0.0,0.1249,0.00732,0.1388,0.0,4.07,3.772,0.6266,0.772,6,898,0,0,0,0.0,28,95000,1,1,0,0,0,1,0.0,0.1935,1.2829,6.38,3,6.38
2022-Q4,L-04,2022,4,13.496,1.747,-0.06,282.86,276.59,0.09,4.95,0.0,0.0,0.0,0.0,0.7857,1.021,0.1145,0.2503,0.0223,0.8806,262.33,14.23,5.55,0.0,0.1249,0.00732,0.1388,0.0,4.07,3.742,0.6216,0.742,6,990,0,0,0,0.0,28,95000,1,1,0,0,0,1,0.0,0.1909,1.2322,6.13,3,6.13
2018-Q1,L-05,2018,1,9.917,2.138,0.402,213.68,209.46,15.68,4.421,131.0,262.3,21.0,15.54,0.8879,1.199,0.1244,0.2532,0.0187,0.7037,193.09,16.37,7.98,0.0,0.15819,0.00595,0.1707,0.0,4.82,4.761,0.6696,1.261,7,136,0,0,120,0.3,55,210000,1,1,0,0,1,0,0.4859,0.6142,1.7735,7.96,3,7.96
2018-Q2,L-05,2018,2,9.738,1.559,0.267,212.68,206.48,16.13,3.822,174.9,369.7,29.9,14.94,0.9187,1.177,0.1141,0.3508,0.019,0.6988,191.42,15.06,5.27,0.0,0.15819,0.00595,0.1707,0.0,4.82,4.721,0.6641,1.221,7,227,0,0,120,0.3,55,210000,1,1,0,0,1,0,0.6486,0.6003,1.718,7.71,4,7.71
2018-Q3,L-05,2018,3,9.794,1.446,0.242,207.57,199.67,0.79,5.509,154.6,201.2,19.0,13.6,0.8904,1.193,0.1155,0.3511,0.0187,0.6905,186.71,10.69,-2.71,0.0217,0.15819,0.00595,0.1707,0.0,4.82,4.682,0.6584,1.182,7,319,0,0,120,0.3,55,210000,1,1,0,0,1,0,0.5732,0.5893,1.6618,7.46,4,7.46
2018-Q4,L-05,2018,4,9.676,1.451,0.267,207.82,201.73,0.28,5.095,119.5,183.6,19.9,14.29,0.8939,1.161,0.0954,0.2461,0.0193,0.7234,187.75,11.64,2.27,0.0,0.15819,0.00595,0.1707,0.0,4.82,4.642,0.6528,1.142,7,411,0,0,120,0.3,55,210000,1,1,0,0,1,0,0.4432,0.5829,1.6057,7.21,4,7.21
2019-Q1,L-05,2019,1,9.826,1.345,0.255,212.37,207.39,7.67,5.04,126.3,257.1,19.0,17.39,0.899,1.195,0.1032,0.2519,0.0205,0.6965,186.59,19.62,7.47,0.0,0.15819,0.00595,0.1707,0.0,4.82,4.603,0.6473,1.103,7,501,0,0,120,0.3,55,210000,1,1,0,0,1,0,0.4684,0.6049,1.5507,6.96,3,6.96
2019-Q2,L-05,2019,2,9.821,1.562,0.085,212.48,206.6,15.93,4.548,126.7,187.7,19.1,15.04,0.89,1.133,0.0994,0.25,0.0203,0.7126,191.86,14.72,8.87,0.0,0.15819,0.00595,0.1707,0.0,4.82,4.563,0.6418,1.063,7,592,0,0,120,0.3,55,210000,1,1,0,0,1,0,0.4698,0.6049,1.4952,6.71,4,6.71
2019-Q3,L-05,2019,3,9.888,1.539,0.271,207.5,201.19,0.63,18.205,113.7,165.4,15.0,12.92,0.8843,1.069,0.1077,0.2509,0.0216,0.7302,187.05,10.1,-0.45,0.0109,0.15819,0.00595,0.1707,0.0,4.82,4.523,0.6362,1.023,7,684,0,0,120,0.3,55,210000,1,1,0,0,1,0,0.4218,0.5947,1.439,6.46,4,6.46
2019-Q4,L-05,2019,4,9.909,1.536,0.118,210.07,203.49,-0.33,23.235,113.7,277.4,18.4,14.26,0.9094,1.148,0.101,0.2549,0.0211,0.6992,186.76,11.79,2.52,0.0,0.15819,0.00595,0.1707,0.0,4.62,4.587,0.6452,1.087,8,77,0,0,120,0.3,55,210000,1,1,0,0,1,0,0.4217,0.6033,1.5294,7.03,4,7.03
2020-Q1,L-05,2020,1,9.576,1.542,0.236,212.41,211.29,15.56,26.982,128.2,294.9,18.4,19.94,0.8998,1.192,0.1007,0.2522,0.0203,0.7003,191.47,17.02,8.76,0.0,0.15819,0.00595,0.1707,0.0,4.62,4.549,0.6398,1.049,8,168,0,0,120,0.3,55,210000,1,1,0,0,1,0,0.4752,0.5896,1.4752,6.78,4,6.78
2020-Q3,L-05,2020,3,9.9,1.292,0.259,207.81,201.65,0.3,22.021,115.5,181.5,17.1,12.99,0.8912,2.308,0.1804,0.2501,0.0183,0.7307,187.45,9.72,-0.74,0.0326,0.15819,0.00595,0.1707,0.0,4.62,4.471,0.6289,0.971,8,351,0,0,120,0.3,55,210000,1,1,0,0,1,0,0.4283,0.5963,1.3661,6.28,4,6.28
2020-Q4,L-05,2020,4,9.557,1.556,0.228,207.23,203.51,0.35,27.514,113.1,159.8,13.8,14.23,0.9039,1.096,0.1002,0.2499,0.0215,0.7026,186.74,11.53,1.69,0.0,0.15819,0.00595,0.1707,0.0,4.62,4.432,0.6234,0.932,8,443,0,0,120,0.3,55,210000,1,1,0,0,1,0,0.4194,0.5741,1.3113,6.03,4,6.03
2021-Q1,L-05,2021,1,9.623,1.468,0.243,234.12,223.47,15.92,4.19,125.6,173.6,17.1,14.67,0.8851,1.087,0.0939,0.2496,0.0227,0.8148,207.28,16.19,7.7,0.0,0.15819,0.00595,0.1707,0.0,4.62,4.394,0.618,0.894,8,533,0,0,120,0.3,55,210000,1,1,0,0,1,0,0.4658,0.653,1.2577,5.78,4,5.78
2021-Q2,L-05,2021,2,9.725,1.562,-0.06,227.84,222.08,15.77,4.015,124.4,270.2,22.7,15.22,0.9136,1.145,0.0986,0.2525,0.0196,0.822,206.97,15.11,8.45,0.0,0.15819,0.00595,0.1707,0.0,4.62,4.356,0.6126,0.856,8,624,0,0,120,0.3,55,210000,1,1,0,0,1,0,0.4612,0.6422,1.2035,5.53,4,5.53
2021-Q3,L-05,2021,3,10.143,1.269,0.245,207.28,199.29,0.46,5.22,83.1,208.0,15.5,14.09,0.9259,1.8024,0.1291,0.1519,0.0241,0.691,186.54,10.48,-5.89,0.0326,0.15819,0.00595,0.1707,0.0,4.62,4.317,0.6071,0.817,8,716,0,0,120,0.3,55,210000,1,1,0,0,1,0,0.3083,0.6094,1.1487,5.28,4,5.28
2021-Q4,L-05,2021,4,9.673,1.478,0.135,207.17,201.03,0.24,4.886,86.4,180.9,14.3,15.89,0.8969,1.149,0.107,0.1534,0.0192,0.6949,186.54,12.1,-0.65,0.0109,0.15819,0.00595,0.1707,0.0,4.3,4.278,0.6018,0.778,9,46,0,1,120,0.3,55,210000,1,1,0,0,1,0,0.4804,0.5808,1.0949,4.56,4,4.56
2022-Q1,L-05,2022,1,10.518,1.711,0.24,212.31,213.64,15.56,38.158,123.5,171.2,20.9,12.19,0.9438,2.3659,0.2031,0.2519,0.02,0.714,191.14,16.89,8.86,0.0,0.15819,0.00595,0.1707,0.0,4.3,4.236,0.5958,0.736,9,136,0,1,120,0.3,55,210000,1,1,0,0,1,0,0.6869,0.6472,1.0357,4.31,4,4.31
2022-Q2,L-05,2022,2,10.98,1.712,0.229,216.75,209.19,15.85,5.335,127.2,177.9,17.6,14.69,0.8902,1.11,0.1001,0.252,0.02,0.7259,193.68,15.31,7.18,0.0,0.15819,0.00595,0.1707,0.0,4.3,4.194,0.5899,0.694,9,227,0,1,120,0.3,55,210000,1,1,0,0,1,0,0.7074,0.6898,0.9759,4.06,4,4.06
2022-Q3,L-05,2022,3,10.761,1.415,0.277,207.27,199.24,0.84,4.701,113.8,163.8,16.5,13.5,0.8996,1.106,0.0967,0.2535,0.0209,0.694,186.45,10.82,-1.96,0.0217,0.15819,0.00595,0.1707,0.0,4.3,4.151,0.5838,0.651,9,319,0,1,120,0.3,55,210000,1,1,0,0,1,0,0.6333,0.6465,0.9153,3.81,4,3.81
2022-Q4,L-05,2022,4,10.889,1.757,0.241,209.27,200.86,-0.21,4.709,115.0,244.3,17.4,13.86,0.9003,1.159,0.0988,0.248,0.0189,0.6986,186.42,12.01,2.08,0.0,0.15819,0.00595,0.1707,0.0,4.3,4.108,0.5777,0.608,9,411,0,1,120,0.3,55,210000,1,1,0,0,1,0,0.6395,0.6605,0.8548,3.56,4,3.56
2018-Q1,L-06,2018,1,4.319,0.959,0.333,66.8,63.77,15.46,10.3,0.0,0.0,0.0,0.0,0.6162,0.811,0.0976,0.2521,0.0197,0.3179,48.07,14.72,6.12,0.0,0.14101,0.00968,0.1604,0.0,4.24,3.987,0.7262,1.187,5,685,0,0,0,0.0,12,65000,1,1,0,0,0,1,0.0,0.1503,2.1621,8.81,3,8.81
2018-Q2,L-06,2018,2,4.102,0.65,0.227,68.41,62.73,15.96,8.552,0.0,0.0,0.0,0.0,0.6212,1.4139,0.1453,0.3493,0.0215,0.3383,48.96,13.03,4.6,0.0,0.14101,0.00968,0.1604,0.0,3.95,3.934,0.7165,1.134,6,46,0,0,0,0.0,12,65000,1,1,0,0,0,1,0.0,0.1462,2.0651,8.79,3,8.79
2018-Q3,L-06,2018,3,4.311,0.686,0.199,62.87,55.03,0.62,4.597,0.0,0.0,0.0,0.0,0.5888,0.807,0.095,0.3481,0.0183,0.3067,44.25,8.73,-1.68,0.0326,0.14101,0.00968,0.1604,0.0,3.95,3.901,0.7106,1.101,6,138,0,0,0,0.0,12,65000,1,1,0,0,0,1,0.0,0.1412,2.0059,8.54,4,8.54
2018-Q4,L-06,2018,4,4.229,0.584,0.241,63.17,57.21,0.21,5.026,0.0,0.0,0.0,0.0,0.5998,1.2685,0.1229,0.2495,0.0178,0.3097,44.31,10.26,-0.04,0.0109,0.14101,0.00968,0.1604,0.0,3.95,3.869,0.7047,1.069,6,230,0,0,0,0.0,12,65000,1,1,0,0,0,1,0.0,0.1392,1.9467,8.28,3,8.28
2019-Q1,L-06,2019,1,4.307,0.621,0.266,67.11,62.64,7.34,9.856,0.0,0.0,0.0,0.0,0.6071,1.3174,0.1279,0.2532,0.0196,0.3416,42.82,17.58,5.37,0.0,0.14101,0.00968,0.1604,0.0,3.95,3.837,0.6989,1.037,6,320,0,0,0,0.0,12,65000,1,1,0,0,0,1,0.0,0.1505,1.8887,8.04,3,8.04
2019-Q2,L-06,2019,2,4.241,0.707,0.289,66.96,61.15,15.74,4.457,0.0,0.0,0.0,0.0,0.5795,0.82,0.1031,0.2493,0.0215,0.3223,47.9,13.29,4.79,0.0,0.14101,0.00968,0.1604,0.0,3.95,3.805,0.693,1.005,6,411,0,0,0,0.0,12,65000,1,1,0,0,0,1,0.0,0.1479,1.8301,7.79,3,7.79
2019-Q3,L-06,2019,3,4.168,0.699,0.269,63.28,54.4,0.57,5.276,0.0,0.0,0.0,0.0,0.6187,0.821,0.0845,0.2498,0.0208,0.3176,43.96,8.08,-5.99,0.0326,0.14101,0.00968,0.1604,0.0,3.95,3.772,0.6871,0.972,6,503,0,0,0,0.0,12,65000,1,1,0,0,0,1,0.0,0.1374,1.7709,7.54,4,7.54
2019-Q4,L-06,2019,4,4.136,0.659,0.232,61.76,55.52,-0.0,5.039,0.0,0.0,0.0,0.0,0.5889,0.81,0.0905,0.2483,0.0188,0.3061,43.25,9.91,-1.54,0.0543,0.14101,0.00968,0.1604,0.0,3.95,3.74,0.6812,0.94,6,595,0,0,0,0.0,12,65000,1,1,0,0,0,1,0.0,0.133,1.7117,7.28,3,7.28
2020-Q1,L-06,2020,1,4.233,0.625,0.258,67.77,64.46,15.49,7.579,0.0,0.0,0.0,0.0,0.5929,1.2734,0.1214,0.2487,0.0201,0.3466,48.48,15.3,5.73,0.0,0.14101,0.00968,0.1604,0.0,3.95,3.708,0.6753,0.908,6,686,0,0,0,0.0,12,65000,1,1,0,0,0,1,0.0,0.1494,1.6531,7.04,3,7.04
2020-Q3,L-06,2020,3,4.25,0.669,0.23,64.15,55.74,0.75,4.673,0.0,0.0,0.0,0.0,0.5964,0.832,0.0987,0.248,0.0187,0.3179,44.45,8.87,-1.71,0.0109,0.14101,0.00968,0.1604,0.0,3.65,3.622,0.6597,0.822,7,77,0,1,0,0.0,12,65000,1,1,0,0,0,1,0.0,0.142,1.4972,6.19,3,6.19
2020-Q4,L-06,2020,4,4.123,0.635,0.265,62.54,56.39,0.16,5.731,0.0,0.0,0.0,0.0,0.6147,1.3957,0.1299,0.2476,0.0177,0.3155,43.91,9.98,-2.23,0.0435,0.14101,0.00968,0.1604,0.0,3.65,3.589,0.6536,0.789,7,169,0,1,0,0.0,12,65000,1,1,0,0,0,1,0.0,0.1343,1.4363,5.94,4,5.94
2021-Q1,L-06,2021,1,4.287,0.76,0.305,82.53,78.82,15.65,3.973,0.0,0.0,0.0,0.0,0.6087,0.877,0.0999,0.2483,0.0205,0.4404,63.18,15.63,7.64,0.0,0.14101,0.00968,0.1604,0.0,3.65,3.556,0.6477,0.756,7,259,0,1,0,0.0,12,65000,1,1,0,0,0,1,0.0,0.1843,1.3766,5.69,3,5.69
2021-Q2,L-06,2021,2,4.102,0.721,0.192,82.18,76.45,15.94,3.674,0.0,0.0,0.0,0.0,0.6023,0.902,0.1135,0.244,0.02,0.4371,63.51,12.94,5.05,0.0,0.14101,0.00968,0.1604,0.0,3.65,3.523,0.6416,0.723,7,350,0,1,0,0.0,12,65000,1,1,0,0,0,1,0.0,0.1756,1.3163,5.44,4,5.44
2021-Q3,L-06,2021,3,4.271,0.686,0.229,62.51,54.93,0.44,4.275,0.0,0.0,0.0,0.0,0.5907,0.793,0.092,0.152,0.0222,0.3206,43.89,8.65,-2.59,0.0543,0.14101,0.00968,0.1604,0.0,3.65,3.489,0.6356,0.689,7,442,0,1,0,0.0,12,65000,1,1,0,0,0,1,0.0,0.1391,1.2553,5.19,4,5.19
2021-Q4,L-06,2021,4,4.097,0.682,0.297,63.77,57.45,0.47,5.725,0.0,0.0,0.0,0.0,0.6007,0.83,0.0912,0.1504,0.021,0.3006,44.37,10.48,-0.26,0.0109,0.14101,0.00968,0.1604,0.0,3.65,3.456,0.6295,0.656,7,534,0,1,0,0.0,12,65000,1,1,0,0,0,1,0.0,0.1361,1.1944,4.94,4,4.94
2022-Q1,L-06,2022,1,4.701,0.788,0.282,67.2,64.23,15.34,10.447,0.0,0.0,0.0,0.0,0.594,0.829,0.0939,0.2501,0.0175,0.3163,47.56,15.55,9.06,0.0,0.14101,0.00968,0.1604,0.0,3.65,3.423,0.6235,0.623,7,624,0,1,0,0.0,12,65000,1,1,0,0,0,1,0.0,0.1645,1.1347,4.69,3,4.69
2022-Q2,L-06,2022,2,4.763,0.755,0.255,67.31,61.47,15.94,4.688,0.0,0.0,0.0,0.0,0.5895,0.831,0.0939,0.2498,0.0209,0.3257,48.02,13.48,5.01,0.0,0.14101,0.00968,0.1604,0.0,3.65,3.39,0.6175,0.59,7,715,0,1,0,0.0,12,65000,1,1,0,0,0,1,0.0,0.167,1.0744,4.44,4,4.44
2022-Q3,L-06,2022,3,4.616,0.641,0.216,62.41,54.42,0.62,4.882,0.0,0.0,0.0,0.0,0.6013,1.4476,0.1399,0.2485,0.0192,0.3119,43.3,8.7,-2.18,0.0217,0.14101,0.00968,0.1604,0.0,3.57,3.541,0.6449,0.741,8,77,0,1,0,0.0,12,65000,1,1,0,0,0,1,0.0,0.15,1.3489,5.3,4,5.3
2022-Q4,L-06,2022,4,4.531,0.772,0.254,62.36,56.96,0.66,8.084,0.0,0.0,0.0,0.0,0.6114,0.828,0.0975,0.2489,0.0186,0.299,44.03,10.1,-5.24,0.0217,0.14101,0.00968,0.1604,0.0,3.57,3.505,0.6385,0.705,8,169,0,1,0,0.0,12,65000,1,1,0,0,0,1,0.0,0.1472,1.2848,5.05,4,5.05
2018-Q1,L-07,2018,1,7.223,1.11,0.216,92.57,88.4,15.64,4.054,87.5,140.6,18.5,15.18,1.1166,1.293,0.0927,0.2528,0.017,0.3765,72.48,16.02,9.26,0.0,0.05847,0.00104,0.0598,0.0,5.56,5.383,0.8941,2.383,3,1112,0,0,80,0.2,25,120000,0,0,0,0,1,0,0.2124,0.5572,3.958,40.94,2,40.94
2018-Q2,L-07,2018,2,7.316,0.966,0.153,90.41,85.81,16.28,11.207,110.6,163.1,18.1,14.93,1.1008,1.282,0.0949,0.3442,0.0194,0.3795,70.45,14.25,3.63,0.0,0.05847,0.00104,0.0598,0.0,5.56,5.368,0.8917,2.368,3,1203,0,0,80,0.2,25,120000,0,0,0,0,1,0,0.2685,0.5512,3.9339,40.69,2,40.69
2018-Q3,L-07,2018,3,7.093,1.154,0.24,87.06,77.84,0.66,3.729,104.7,245.2,16.9,14.35,1.1107,2.4527,0.1661,0.3506,0.018,0.384,66.19,9.56,-3.02,0.0217,0.05847,0.00104,0.0598,0.0,5.56,5.354,0.8893,2.354,3,1295,0,0,80,0.2,25,120000,0,0,0,0,1,0,0.2542,0.5146,3.9095,40.44,2,40.44
2018-Q4,L-07,2018,4,7.124,1.126,0.248,87.57,78.93,-0.17,5.587,78.6,165.5,14.6,15.13,1.1134,1.326,0.0929,0.2489,0.0184,0.3658,65.34,11.08,-1.7,0.0217,0.05847,0.00104,0.0598,0.0,5.56,5.339,0.8869,2.339,3,1387,0,0,80,0.2,25,120000,0,0,0,0,1,0,0.1908,0.5198,3.8851,40.19,2,40.19
2019-Q1,L-07,2019,1,7.269,2.157,0.446,90.62,85.33,7.27,4.092,82.8,120.8,12.1,13.69,1.1072,2.2774,0.1532,0.2495,0.0178,0.3754,65.33,18.86,9.21,0.0,0.05847,0.00104,0.0598,0.0,5.37,5.367,0.8916,2.367,4,16,0,0,80,0.2,25,120000,0,0,0,0,1,0,0.2012,0.5489,3.9326,40.4,2,40.4
2019-Q2,L-07,2019,2,7.245,1.088,0.179,92.6,84.05,15.6,3.971,85.4,140.5,14.7,15.58,1.1101,1.298,0.0966,0.2487,0.0205,0.379,70.32,13.73,6.68,0.0,0.05847,0.00104,0.0598,0.0,5.37,5.353,0.8892,2.353,4,107,0,0,80,0.2,25,120000,0,0,0,0,1,0,0.2073,0.559,3.9083,40.15,2,40.15
2019-Q3,L-07,2019,3,7.022,1.041,0.263,85.79,77.82,0.6,5.049,75.4,117.3,12.1,14.21,1.0952,1.379,0.1035,0.2491,0.0228,0.3711,66.0,9.58,0.02,0.0,0.05847,0.00104,0.0598,0.0,5.37,5.338,0.8867,2.338,4,199,0,0,80,0.2,25,120000,0,0,0,0,1,0,0.1832,0.502,3.8838,39.9,2,39.9
2019-Q4,L-07,2019,4,7.208,1.308,0.308,86.75,78.98,-0.46,5.534,74.9,145.6,14.7,14.14,1.0858,1.316,0.1125,0.2545,0.0215,0.3724,65.21,11.24,-0.75,0.0109,0.05847,0.00104,0.0598,0.0,5.37,5.323,0.8843,2.323,4,291,0,0,80,0.2,25,120000,0,0,0,0,1,0,0.1818,0.5211,3.8593,39.65,2,39.65
2020-Q1,L-07,2020,1,7.086,1.147,0.089,90.93,86.97,15.42,3.607,84.0,138.1,15.0,14.17,1.0902,1.277,0.0957,0.2492,0.0193,0.3975,70.91,16.06,9.9,0.0,0.05847,0.00104,0.0598,0.0,5.37,5.309,0.8818,2.309,4,382,0,0,80,0.2,25,120000,0,0,0,0,1,0,0.2039,0.537,3.835,39.4,2,39.4
2020-Q3,L-07,2020,3,7.024,1.173,0.164,85.78,78.48,0.15,10.566,74.0,118.8,13.4,15.6,1.1023,1.373,0.1028,0.2481,0.0205,0.3634,65.5,9.64,0.0,0.0,0.05847,0.00104,0.0598,0.0,5.37,5.279,0.877,2.279,4,565,0,0,80,0.2,25,120000,0,0,0,0,1,0,0.1797,0.5021,3.7862,38.9,2,38.9
2020-Q4,L-07,2020,4,6.968,1.154,0.244,85.11,78.63,0.01,5.597,75.4,141.0,14.2,14.1,1.095,1.312,0.1071,0.2522,0.0203,0.3608,65.42,10.8,0.13,0.0,0.05847,0.00104,0.0598,0.0,5.37,5.265,0.8745,2.265,4,657,0,0,80,0.2,25,120000,0,0,0,0,1,0,0.1832,0.4942,3.7617,38.64,2,38.64
2021-Q1,L-07,2021,1,7.03,1.041,0.18,105.71,101.81,15.96,3.762,84.9,180.2,13.6,13.69,1.1167,1.342,0.1108,0.2533,0.02,0.5111,85.65,16.08,8.84,0.0,0.05847,0.00104,0.0598,0.0,5.37,5.25,0.8721,2.25,4,747,0,0,80,0.2,25,120000,0,0,0,0,1,0,0.2062,0.6193,3.7377,38.4,3,38.4
2021-Q2,L-07,2021,2,7.202,1.062,0.261,105.5,99.66,16.02,4.438,81.7,120.4,13.8,13.55,1.0905,1.323,0.1086,0.252,0.0209,0.5021,85.73,13.93,6.39,0.0,0.05847,0.00104,0.0598,0.0,5.37,5.235,0.8697,2.235,4,838,0,0,80,0.2,25,120000,0,0,0,0,1,0,0.1984,0.6332,3.7134,38.15,3,38.15
2021-Q3,L-07,2021,3,7.609,1.871,0.39,85.64,77.11,0.67,4.415,57.2,143.4,13.0,14.53,1.0951,1.312,0.102,0.1486,0.018,0.3709,64.36,10.36,1.38,0.0,0.05847,0.00104,0.0598,0.0,5.37,5.221,0.8672,2.221,4,930,0,0,80,0.2,25,120000,0,0,0,0,1,0,0.139,0.543,3.6889,37.9,2,37.9
2021-Q4,L-07,2021,4,7.178,1.101,0.272,87.22,80.26,0.15,5.718,56.5,87.4,11.7,16.52,1.1133,2.0701,0.1395,0.151,0.0174,0.3829,66.12,11.59,1.01,0.0,0.05847,0.00104,0.0598,0.0,5.37,5.206,0.8648,2.206,4,1022,0,0,80,0.2,25,120000,0,0,0,0,1,0,0.1371,0.5217,3.6643,37.64,3,37.64
2022-Q1,L-07,2022,1,7.937,1.298,0.303,90.25,86.07,15.43,3.961,79.4,175.7,16.0,16.3,1.0896,1.332,0.0951,0.2527,0.0202,0.3943,70.1,15.92,8.07,0.0,0.05847,0.00104,0.0598,0.0,5.37,5.191,0.8624,2.191,4,1112,0,0,80,0.2,25,120000,0,0,0,0,1,0,0.1928,0.5969,3.6403,37.4,2,37.4
2022-Q2,L-07,2022,2,7.752,1.733,0.284,93.19,84.71,16.21,4.031,84.8,185.2,16.2,15.46,1.0897,1.327,0.0977,0.2535,0.0198,0.3733,70.16,14.57,7.72,0.0,0.05847,0.00104,0.0598,0.0,5.37,5.177,0.8599,2.177,4,1203,0,0,80,0.2,25,120000,0,0,0,0,1,0,0.2059,0.602,3.616,37.15,3,37.15
2022-Q3,L-07,2022,3,8.104,2.383,0.497,86.7,77.82,0.33,4.901,75.6,120.4,12.1,15.57,1.1143,2.2625,0.1568,0.2483,0.0204,0.3752,65.28,10.24,-2.99,0.0217,0.05847,0.00104,0.0598,0.0,5.37,5.162,0.8575,2.162,4,1295,0,0,80,0.2,25,120000,0,0,0,0,1,0,0.1835,0.5855,3.5915,36.9,3,36.9
2022-Q4,L-07,2022,4,7.926,1.025,0.179,85.32,79.13,0.56,4.883,77.2,139.2,14.4,15.84,1.0963,1.349,0.1053,0.2501,0.0159,0.3563,65.41,11.44,-2.01,0.0217,0.05847,0.00104,0.0598,0.0,5.37,5.147,0.855,2.147,4,1387,0,0,80,0.2,25,120000,0,0,0,0,1,0,0.1874,0.5636,3.567,36.64,2,36.64
2018-Q1,L-08,2018,1,11.309,2.599,0.432,53.93,50.81,15.36,7.252,219.2,335.5,32.6,14.05,0.7264,1.051,0.0957,0.2509,0.0221,0.2775,32.08,17.66,10.14,0.0,0.07977,0.00743,0.0928,0.0,5.13,4.911,0.8159,1.911,4,1051,0,0,200,0.5,48,175000,1,1,1,0,0,0,0.2905,0.3812,3.1752,25.18,3,25.18
2018-Q2,L-08,2018,2,11.466,2.466,0.139,54.84,49.09,15.91,4.771,291.3,370.2,28.3,17.01,0.7032,1.4492,0.1311,0.3502,0.0188,0.2791,32.42,16.66,8.83,0.0,0.07977,0.00743,0.0928,0.0,5.13,4.893,0.8127,1.893,4,1142,0,0,200,0.5,48,175000,1,1,1,0,0,0,0.386,0.393,3.1437,24.93,3,24.93
2018-Q3,L-08,2018,3,11.248,1.791,0.053,50.2,41.91,0.7,5.224,251.8,590.9,39.2,18.95,0.6915,1.3494,0.1284,0.3498,0.0204,0.2916,28.24,7.84,-6.18,0.0543,0.07977,0.00743,0.0928,0.0,4.98,4.965,0.8247,1.965,5,77,0,0,200,0.5,48,175000,1,1,1,0,0,0,0.3337,0.3529,3.2641,27.6,3,27.6
2018-Q4,L-08,2018,4,11.3,1.682,0.315,49.38,43.31,0.17,6.264,197.4,314.7,34.7,15.95,0.7003,0.931,0.0967,0.2502,0.0195,0.267,28.01,11.34,-0.32,0.0109,0.07977,0.00743,0.0928,0.0,4.98,4.947,0.8218,1.947,5,169,0,0,200,0.5,48,175000,1,1,1,0,0,0,0.2615,0.3487,3.2343,27.35,3,27.35
2019-Q1,L-08,2019,1,11.424,1.599,0.266,56.24,49.98,7.79,4.849,209.0,447.2,30.2,17.05,0.6991,0.985,0.1049,0.2506,0.0226,0.3104,28.83,18.48,7.55,0.0,0.07977,0.00743,0.0928,0.0,4.98,4.929,0.8189,1.929,5,259,0,0,200,0.5,48,175000,1,1,1,0,0,0,0.2769,0.4015,3.2051,27.1,3,27.1
2019-Q2,L-08,2019,2,11.228,1.651,0.152,56.08,49.76,15.88,8.559,216.6,521.7,32.4,23.34,0.6954,0.932,0.096,0.2512,0.0174,0.2741,33.67,15.32,9.16,0.0,0.07977,0.00743,0.0928,0.0,4.98,4.912,0.8159,1.912,5,350,0,0,200,0.5,48,175000,1,1,1,0,0,0,0.2869,0.3936,3.1756,26.85,3,26.85
2019-Q3,L-08,2019,3,11.04,2.0,0.362,49.69,41.83,0.58,5.496,196.9,459.3,27.8,16.8,0.7072,1.3567,0.1213,0.2473,0.0202,0.2823,28.45,9.6,-3.27,0.0435,0.07977,0.00743,0.0928,0.0,4.98,4.894,0.8129,1.894,5,442,0,0,200,0.5,48,175000,1,1,1,0,0,0,0.2609,0.3428,3.1458,26.6,3,26.6
2019-Q4,L-08,2019,4,11.571,2.466,0.163,49.55,43.58,0.14,4.909,190.6,245.3,22.1,13.9,0.7185,0.879,0.0895,0.2508,0.0204,0.2795,28.17,12.13,-1.24,0.0217,0.07977,0.00743,0.0928,0.0,4.98,4.876,0.8099,1.876,5,534,0,0,200,0.5,48,175000,1,1,1,0,0,0,0.2526,0.3583,3.116,26.35,3,26.35
2020-Q1,L-08,2020,1,11.385,2.171,0.167,55.08,51.96,15.5,9.198,210.8,393.7,26.6,15.22,0.7068,0.961,0.1152,0.2508,0.0176,0.2749,33.07,18.01,12.02,0.0,0.07977,0.00743,0.0928,0.0,4.98,4.858,0.807,1.858,5,625,0,0,200,0.5,48,175000,1,1,1,0,0,0,0.2794,0.3919,3.0865,26.1,3,26.1
2020-Q3,L-08,2020,3,11.008,1.774,0.089,49.47,42.42,0.69,7.812,198.9,517.2,32.9,20.67,0.6977,0.93,0.0966,0.2541,0.0216,0.266,28.32,9.15,-5.6,0.0109,0.07977,0.00743,0.0928,0.0,4.98,4.822,0.8011,1.822,5,808,0,0,200,0.5,48,175000,1,1,1,0,0,0,0.2636,0.3404,3.0272,25.6,3,25.6
2020-Q4,L-08,2020,4,11.565,1.959,0.278,49.84,43.59,0.14,4.64,184.7,242.6,23.0,14.93,0.6942,0.963,0.1022,0.2475,0.021,0.2878,28.24,12.16,0.45,0.0,0.07977,0.00743,0.0928,0.0,4.98,4.804,0.7981,1.804,5,900,0,0,200,0.5,48,175000,1,1,1,0,0,0,0.2447,0.3602,2.9974,25.34,3,25.34
2021-Q1,L-08,2021,1,11.266,1.741,-0.067,69.86,65.66,15.35,3.605,210.0,302.1,27.6,16.25,0.6877,0.919,0.0939,0.2525,0.0192,0.4211,48.18,17.41,10.08,0.0,0.07977,0.00743,0.0928,0.0,4.98,4.787,0.7952,1.787,5,990,0,0,200,0.5,48,175000,1,1,1,0,0,0,0.2783,0.4919,2.9682,25.1,3,25.1
2021-Q2,L-08,2021,2,11.212,1.693,0.244,70.95,64.23,15.74,4.773,208.2,419.7,30.6,18.25,0.6796,0.94,0.0996,0.2501,0.0198,0.4018,48.69,15.56,6.58,0.0,0.07977,0.00743,0.0928,0.0,4.58,4.57,0.7591,1.57,6,46,0,0,200,0.5,48,175000,1,1,1,0,0,0,0.2759,0.4972,2.6072,18.91,3,18.91
2021-Q3,L-08,2021,3,11.205,1.573,0.285,49.35,41.47,0.19,4.753,144.4,242.9,20.9,15.05,0.6938,0.884,0.0962,0.1497,0.0215,0.2692,28.42,10.82,-0.96,0.0217,0.07977,0.00743,0.0928,0.0,4.58,4.549,0.7556,1.549,6,138,0,0,200,0.5,48,175000,1,1,1,0,0,0,0.1914,0.3456,2.5725,18.66,3,18.66
2021-Q4,L-08,2021,4,11.562,2.017,0.374,49.11,42.95,0.66,5.519,142.6,200.3,20.5,16.2,0.7084,0.927,0.1052,0.1476,0.0208,0.2703,28.27,12.4,-1.51,0.0109,0.07977,0.00743,0.0928,0.0,4.58,4.528,0.7521,1.528,6,230,0,0,200,0.5,48,175000,1,1,1,0,0,0,0.189,0.3549,2.5377,18.41,3,18.41
2022-Q1,L-08,2022,1,12.255,1.902,0.253,54.89,50.75,15.44,4.131,208.4,290.9,30.1,13.67,0.7078,1.8594,0.1624,0.2477,0.0184,0.2866,33.63,17.12,7.62,0.0,0.07977,0.00743,0.0928,0.0,4.58,4.507,0.7487,1.507,6,320,0,0,200,0.5,48,175000,1,1,1,0,0,0,0.2761,0.4204,2.5037,18.16,3,18.16
2022-Q2,L-08,2022,2,12.379,1.829,0.26,55.84,49.44,16.32,3.85,211.2,307.8,29.2,15.57,0.7041,0.92,0.0914,0.2511,0.0189,0.2794,33.17,16.27,7.41,0.0,0.07977,0.00743,0.0928,0.0,4.58,4.487,0.7453,1.487,6,411,0,0,200,0.5,48,175000,1,1,1,0,0,0,0.2798,0.4321,2.4693,17.91,3,17.91
2022-Q3,L-08,2022,3,12.618,1.789,0.274,51.01,42.5,0.6,6.076,188.7,320.8,27.0,14.6,0.726,1.2073,0.1128,0.2509,0.0186,0.2766,28.13,10.48,-1.8,0.0217,0.07977,0.00743,0.0928,0.0,4.58,4.466,0.7418,1.466,6,503,0,0,200,0.5,48,175000,1,1,1,0,0,0,0.25,0.4022,2.4346,17.66,3,17.66
2022-Q4,L-08,2022,4,12.704,2.946,0.24,49.08,43.24,0.46,5.024,191.8,255.2,26.2,15.61,0.7068,0.937,0.1027,0.2466,0.0221,0.2837,26.99,12.64,-0.38,0.0109,0.07977,0.00743,0.0928,0.0,4.58,4.445,0.7383,1.445,6,595,0,0,200,0.5,48,175000,1,1,1,0,0,0,0.2541,0.3897,2.3998,17.41,3,17.41
2018-Q1,L-09,2018,1,3.682,0.565,0.282,28.07,24.3,15.63,4.157,0.0,0.0,0.0,0.0,0.4973,0.811,0.1136,0.2496,0.0218,0.222,9.43,14.78,7.42,0.0,0.0546,0.00798,0.0638,0.0,6.86,6.68,0.9396,3.18,2,1324,0,0,0,0.0,8,30000,0,0,0,0,0,0,0.0,0.1722,4.4732,64.25,1,64.25
2018-Q2,L-09,2018,2,3.79,0.784,0.271,26.9,20.85,15.87,3.951,0.0,0.0,0.0,0.0,0.5004,0.755,0.0962,0.3521,0.0202,0.2159,8.45,12.41,5.28,0.0,0.0546,0.00798,0.0638,0.0,6.86,6.668,0.9378,3.168,2,1415,0,0,0,0.0,8,30000,0,0,0,0,0,0,0.0,0.1699,4.4558,64.0,2,64.0
2018-Q3,L-09,2018,3,3.727,0.567,0.292,22.2,14.34,0.25,4.676,0.0,0.0,0.0,0.0,0.4972,0.695,0.0949,0.3507,0.0192,0.2075,2.65,11.65,-0.68,0.0109,0.0546,0.00798,0.0638,0.0,6.86,6.656,0.9361,3.156,2,1507,0,0,0,0.0,8,30000,0,0,0,0,0,0,0.0,0.1379,4.4383,63.75,1,63.75
2018-Q4,L-09,2018,4,3.851,0.625,0.181,22.09,16.18,0.57,5.508,0.0,0.0,0.0,0.0,0.5072,0.833,0.1033,0.2514,0.0213,0.1992,3.7,12.39,-0.96,0.0109,0.0546,0.00798,0.0638,0.0,6.86,6.643,0.9343,3.143,2,1599,0,0,0,0.0,8,30000,0,0,0,0,0,0,0.0,0.1418,4.4207,63.5,1,63.5
2019-Q1,L-09,2019,1,3.851,0.486,0.221,27.33,22.7,7.75,6.025,0.0,0.0,0.0,0.0,0.4954,0.741,0.1013,0.2498,0.021,0.2209,3.12,19.29,5.18,0.0,0.0546,0.00798,0.0638,0.0,6.86,6.631,0.9326,3.131,2,1689,0,0,0,0.0,8,30000,0,0,0,0,0,0,0.0,0.1754,4.4036,63.25,1,63.25
2019-Q2,L-09,2019,2,3.824,0.606,0.282,27.17,21.23,15.74,4.141,0.0,0.0,0.0,0.0,0.5041,0.708,0.0877,0.2525,0.0203,0.2159,8.68,12.56,5.51,0.0,0.0546,0.00798,0.0638,0.0,6.86,6.619,0.9309,3.119,2,1780,0,0,0,0.0,8,30000,0,0,0,0,0,0,0.0,0.1732,4.3862,63.0,2,63.0
2019-Q3,L-09,2019,3,3.859,0.587,0.27,22.1,14.31,0.66,4.679,0.0,0.0,0.0,0.0,0.4936,0.752,0.0972,0.253,0.0215,0.1863,3.49,10.86,0.65,0.0,0.0546,0.00798,0.0638,0.0,6.48,6.474,0.9105,2.974,3,46,0,0,0,0.0,8,30000,0,0,0,0,0,0,0.0,0.1422,4.1823,58.88,2,58.88
2019-Q4,L-09,2019,4,3.778,0.667,0.24,22.68,15.73,0.21,5.032,0.0,0.0,0.0,0.0,0.5189,0.749,0.0997,0.2474,0.0191,0.1977,3.81,11.92,-0.9,0.0109,0.0546,0.00798,0.0638,0.0,6.48,6.461,0.9087,2.961,3,138,0,0,0,0.0,8,30000,0,0,0,0,0,0,0.0,0.1428,4.1644,58.63,2,58.63
2020-Q1,L-09,2020,1,3.799,0.616,0.265,27.99,24.05,15.51,4.563,0.0,0.0,0.0,0.0,0.5266,1.4541,0.1652,0.2534,0.0216,0.2305,9.63,14.31,5.95,0.0,0.0546,0.00798,0.0638,0.0,6.48,6.448,0.9069,2.948,3,229,0,0,0,0.0,8,30000,0,0,0,0,0,0,0.0,0.1772,4.1467,58.38,2,58.38
2020-Q3,L-09,2020,3,3.838,0.609,0.198,22.28,13.7,0.39,4.92,0.0,0.0,0.0,0.0,0.5029,0.805,0.0995,0.2455,0.0198,0.2159,3.43,10.26,2.77,0.0,0.0546,0.00798,0.0638,0.0,6.48,6.423,0.9034,2.923,3,412,0,0,0,0.0,8,30000,0,0,0,0,0,0,0.0,0.1425,4.1111,57.88,2,57.88
2020-Q4,L-09,2020,4,3.863,0.658,0.289,23.38,16.5,0.26,6.415,0.0,0.0,0.0,0.0,0.5015,0.739,0.1029,0.2535,0.0198,0.183,4.23,12.27,0.87,0.0,0.0546,0.00798,0.0638,0.0,6.48,6.41,0.9016,2.91,3,504,0,0,0,0.0,8,30000,0,0,0,0,0,0,0.0,0.1505,4.0932,57.63,1,57.63
2021-Q1,L-09,2021,1,3.754,0.633,0.247,43.01,39.36,15.44,4.781,0.0,0.0,0.0,0.0,0.4807,0.682,0.0931,0.2505,0.0222,0.3538,24.13,14.82,6.29,0.0,0.0546,0.00798,0.0638,0.0,6.48,6.398,0.8998,2.898,3,594,0,0,0,0.0,8,30000,0,0,0,0,0,0,0.0,0.2691,4.0757,57.38,2,57.38
2021-Q2,L-09,2021,2,3.826,0.606,0.168,42.74,36.59,15.47,4.268,0.0,0.0,0.0,0.0,0.4934,1.4543,0.143,0.2489,0.0215,0.3409,24.17,12.55,2.54,0.0,0.0546,0.00798,0.0638,0.0,6.48,6.385,0.8981,2.885,3,685,0,0,0,0.0,8,30000,0,0,0,0,0,0,0.0,0.2726,4.058,57.13,2,57.13
2021-Q3,L-09,2021,3,3.764,0.614,0.243,22.67,15.21,0.28,4.622,0.0,0.0,0.0,0.0,0.5161,0.745,0.0933,0.1483,0.0194,0.1955,3.86,11.18,2.62,0.0,0.0546,0.00798,0.0638,0.0,6.48,6.372,0.8963,2.872,3,777,0,0,0,0.0,8,30000,0,0,0,0,0,0,0.0,0.1423,4.0401,56.88,2,56.88
2021-Q4,L-09,2021,4,3.788,0.655,0.246,22.53,16.19,-0.23,5.848,0.0,0.0,0.0,0.0,0.5062,0.741,0.1014,0.1525,0.0217,0.2307,3.98,12.06,2.2,0.0,0.0546,0.00798,0.0638,0.0,6.48,6.36,0.8945,2.86,3,869,0,0,0,0.0,8,30000,0,0,0,0,0,0,0.0,0.1422,4.0222,56.63,2,56.63
2022-Q1,L-09,2022,1,4.212,0.547,0.244,27.76,23.25,15.79,4.346,0.0,0.0,0.0,0.0,0.506,0.794,0.1039,0.2527,0.021,0.2161,8.57,14.68,6.98,0.0,0.0546,0.00798,0.0638,0.0,6.48,6.347,0.8927,2.847,3,959,0,0,0,0.0,8,30000,0,0,0,0,0,0,0.0,0.1949,4.0047,56.38,2,56.38
2022-Q2,L-09,2022,2,4.288,1.054,0.368,27.74,22.21,15.83,4.103,0.0,0.0,0.0,0.0,0.4957,0.712,0.1029,0.2482,0.0211,0.2259,8.64,13.54,6.15,0.0,0.0546,0.00798,0.0638,0.0,6.48,6.335,0.891,2.835,3,1050,0,0,0,0.0,8,30000,0,0,0,0,0,0,0.0,0.1983,3.987,56.13,2,56.13
2022-Q3,L-09,2022,3,4.108,0.573,0.273,22.5,14.18,0.28,4.478,0.0,0.0,0.0,0.0,0.4995,1.0757,0.1254,0.2525,0.0227,0.1843,3.75,10.5,2.9,0.0,0.0546,0.00798,0.0638,0.0,6.48,6.322,0.8892,2.822,3,1142,0,0,0,0.0,8,30000,0,0,0,0,0,0,0.0,0.1541,3.9691,55.88,2,55.88
2022-Q4,L-09,2022,4,4.123,0.732,0.229,22.82,16.54,0.44,5.877,0.0,0.0,0.0,0.0,0.4849,0.787,0.1014,0.2448,0.02,0.2025,3.86,12.61,3.96,0.0,0.0546,0.00798,0.0638,0.0,6.48,6.309,0.8874,2.809,3,1234,0,0,0,0.0,8,30000,0,0,0,0,0,0,0.0,0.1568,3.9512,55.63,2,55.63
2018-Q1,L-10,2018,1,6.974,0.954,0.233,119.57,113.81,15.37,3.921,418.9,821.9,66.1,22.9,1.3884,1.63,0.1006,0.2526,0.0196,0.4575,95.1,18.58,10.4,0.0,0.43329,0.02929,0.4971,0.0,2.9,2.81,0.5118,0.01,11,320,1,0,380,0.86,32,180000,1,1,1,1,1,0,3.4803,0.3088,0.0182,0.03,5,0.03
2018-Q2,L-10,2018,2,6.725,1.122,0.27,117.93,113.88,15.89,15.536,556.4,1277.3,69.6,28.87,1.4171,3.5161,0.2805,0.3486,0.0208,0.4701,95.21,17.14,9.0,0.0,0.43329,0.02929,0.4971,0.0,2.9,2.883,0.5251,0.083,12,15,1,0,380,0.86,32,180000,1,1,1,1,1,0,4.6222,0.2937,0.1508,0.2,5,0.2
2018-Q3,L-10,2018,3,6.904,0.967,0.251,114.52,103.98,0.58,4.59,487.2,1162.2,74.2,29.87,1.4035,1.685,0.1171,0.3514,0.0221,0.4532,90.18,7.97,-5.06,0.1087,0.43329,0.02929,0.4971,0.0,2.9,2.81,0.5118,0.01,12,107,1,0,380,0.86,32,180000,1,1,1,1,1,0,4.0479,0.2928,0.0182,0.02,5,0.02
2018-Q4,L-10,2018,4,6.852,1.011,0.228,112.39,106.06,0.42,5.599,372.4,541.4,52.0,16.77,1.4027,1.672,0.1034,0.2456,0.0169,0.4322,90.71,9.27,-2.95,0.0326,0.43329,0.02929,0.4971,0.0,2.9,2.81,0.5118,0.01,12,199,1,0,380,0.86,32,180000,1,1,1,1,1,0,3.0941,0.2852,0.0182,0.02,5,0.02
2019-Q1,L-10,2019,1,6.847,1.062,0.246,116.99,112.31,7.6,4.29,396.2,512.6,44.6,16.47,1.4036,1.641,0.1095,0.2492,0.0206,0.4452,89.42,18.88,8.11,0.0,0.43329,0.02929,0.4971,0.0,2.9,2.81,0.5118,0.01,12,289,1,0,380,0.86,32,180000,1,1,1,1,1,0,3.2917,0.2967,0.0182,0.02,5,0.02
2019-Q2,L-10,2019,2,6.757,1.118,0.255,117.2,111.15,16.09,3.946,389.9,553.1,50.6,16.26,1.3945,1.645,0.1178,0.2477,0.0181,0.4606,95.95,15.2,3.97,0.0,0.43329,0.02929,0.4971,0.0,2.9,2.883,0.5252,0.083,13,15,1,0,380,0.86,32,180000,1,1,1,1,1,0,3.2391,0.2933,0.152,0.21,5,0.21
2019-Q3,L-10,2019,3,6.983,1.078,0.261,112.48,104.72,0.49,4.279,356.1,922.6,55.5,22.89,1.4008,3.117,0.1991,0.2492,0.0187,0.4528,91.11,7.15,-8.58,0.1087,0.43329,0.02929,0.4971,0.0,2.9,2.81,0.5118,0.01,13,107,1,0,380,0.86,32,180000,1,1,1,1,1,0,2.9586,0.2909,0.0182,0.02,5,0.02
2019-Q4,L-10,2019,4,6.819,1.112,0.249,113.05,106.77,-0.01,10.641,368.4,998.2,57.0,28.32,1.4182,3.1047,0.2074,0.2499,0.0181,0.4282,90.43,9.07,-5.67,0.0652,0.43329,0.02929,0.4971,0.0,2.9,2.81,0.5118,0.01,13,199,1,0,380,0.86,32,180000,1,1,1,1,1,0,3.0603,0.2855,0.0182,0.02,5,0.02
2020-Q1,L-10,2020,1,6.869,1.047,0.239,118.51,114.52,15.55,12.15,395.3,496.5,50.6,17.91,1.397,1.64,0.1093,0.2526,0.0218,0.4395,95.86,17.54,9.69,0.0,0.43329,0.02929,0.4971,0.0,2.9,2.81,0.5118,0.01,13,290,1,0,380,0.86,32,180000,1,1,1,1,1,0,3.2844,0.3015,0.0182,0.02,5,0.02
2020-Q3,L-10,2020,3,6.851,1.052,0.184,114.56,105.47,0.36,4.811,367.3,468.3,47.8,17.99,1.4157,1.677,0.0944,0.2508,0.0223,0.4514,92.46,6.44,-6.79,0.1522,0.43329,0.02929,0.4971,0.0,2.9,2.81,0.5118,0.01,14,107,1,0,380,0.86,32,180000,1,1,1,1,1,0,3.0517,0.2907,0.0182,0.03,5,0.03
2020-Q4,L-10,2020,4,6.891,1.127,0.288,112.6,107.64,0.6,14.672,364.5,937.6,58.4,25.91,1.4017,1.606,0.0912,0.2544,0.0221,0.4482,91.38,8.9,-11.21,0.0761,0.43329,0.02929,0.4971,0.0,2.9,2.81,0.5118,0.01,14,199,1,0,380,0.86,32,180000,1,1,1,1,1,0,3.0283,0.2874,0.0182,0.03,5,0.03
2021-Q1,L-10,2021,1,6.712,1.189,0.262,133.59,129.95,15.92,3.992,395.6,543.0,49.9,17.52,1.4229,1.643,0.1017,0.2522,0.0226,0.5872,112.03,17.91,10.27,0.0,0.43329,0.02929,0.4971,0.0,2.9,2.81,0.5118,0.01,14,289,1,0,380,0.86,32,180000,1,1,1,1,1,0,3.2862,0.3321,0.0182,0.03,5,0.03
2021-Q2,L-10,2021,2,6.911,1.23,0.362,132.57,126.63,15.83,4.996,391.9,506.8,49.3,17.61,1.4021,1.65,0.1066,0.247,0.0205,0.5787,111.05,15.58,8.32,0.0,0.43329,0.02929,0.4971,0.0,2.9,2.81,0.5118,0.01,14,380,1,0,380,0.86,32,180000,1,1,1,1,1,0,3.2554,0.3394,0.0182,0.03,5,0.03
2021-Q3,L-10,2021,3,6.722,1.081,0.239,113.29,105.05,0.78,4.862,270.6,411.8,36.6,17.46,1.4059,1.588,0.0916,0.1508,0.0183,0.4371,91.62,7.0,-5.66,0.0978,0.43329,0.02929,0.4971,0.0,2.9,2.81,0.5118,0.01,15,77,1,0,380,0.86,32,180000,1,1,1,1,1,0,2.2484,0.282,0.0182,0.02,5,0.02
2021-Q4,L-10,2021,4,6.791,1.003,0.243,112.37,106.19,0.24,6.015,273.4,604.9,37.5,21.11,1.3964,1.653,0.0972,0.1478,0.0192,0.4498,91.15,8.72,-6.2,0.0978,0.43329,0.02929,0.4971,0.0,2.9,2.81,0.5118,0.01,15,169,1,0,380,0.86,32,180000,1,1,1,1,1,0,2.2716,0.2826,0.0182,0.02,5,0.02
2022-Q1,L-10,2022,1,7.408,1.093,0.233,117.78,113.73,15.36,4.193,396.0,560.8,62.3,20.66,1.3932,1.635,0.1045,0.2484,0.0188,0.4744,95.76,17.93,10.76,0.0,0.43329,0.02929,0.4971,0.0,2.9,2.81,0.5118,0.01,15,259,1,0,380,0.86,32,180000,1,1,1,1,1,0,3.2895,0.3231,0.0182,0.02,5,0.02
2022-Q2,L-10,2022,2,7.461,1.044,0.196,116.95,111.07,16.02,4.537,407.8,534.5,43.1,18.98,1.3879,1.632,0.1081,0.2501,0.0198,0.4614,94.89,16.15,6.12,0.0,0.43329,0.02929,0.4971,0.0,2.9,2.81,0.5118,0.01,15,350,1,0,380,0.86,32,180000,1,1,1,1,1,0,3.3883,0.3232,0.0182,0.02,5,0.02
2022-Q3,L-10,2022,3,7.451,1.072,0.213,112.64,104.59,0.59,5.397,368.2,495.0,44.4,17.09,2.1946,2.468,0.0998,0.2483,0.0181,0.4618,87.26,10.99,-3.33,0.0326,0.43329,0.02929,0.4971,0.0,2.9,2.843,0.5179,0.043,16,46,1,0,380,0.86,32,180000,1,1,1,1,1,0,3.0591,0.3108,0.0788,0.1,5,0.1
2022-Q4,L-10,2022,4,7.518,1.183,0.223,111.89,105.72,-0.08,4.672,349.7,445.9,41.7,15.85,2.1957,2.457,0.0957,0.2522,0.019,0.4408,87.03,12.49,0.28,0.0,0.43329,0.02929,0.4971,0.0,2.9,2.81,0.5118,0.01,16,138,1,0,380,0.86,32,180000,1,1,1,1,1,0,2.9049,0.3116,0.0182,0.02,5,0.02
2018-Q1,V-101,2018,1,14.375,2.359,0.078,67.33,64.04,15.52,9.363,1326.1,1971.3,233.4,32.3,0.2987,0.499,0.0918,0.2545,0.0197,0.325,38.18,24.96,16.63,0.0,0.43603,0.02082,0.4803,0.0,15.37,15.206,0.6912,6.706,15,136,0,0,1200,0.86,380,820000,1,1,1,1,0,0,0.438,0.2881,3.048,15.2,3,15.2
2018-Q2,V-101,2018,2,14.359,1.778,0.267,67.83,62.52,16.1,7.203,1719.5,4242.3,281.8,93.07,0.2908,0.502,0.0806,0.3468,0.0208,0.3124,36.79,25.1,14.59,0.0,0.43603,0.02082,0.4803,0.0,15.37,15.096,0.6862,6.596,15,227,0,0,1200,0.86,380,820000,1,1,1,1,0,0,0.568,0.2899,2.998,14.95,3,14.95
2018-Q3,V-101,2018,3,14.722,1.917,0.259,62.86,54.94,0.63,4.913,1583.7,2010.3,200.4,41.87,0.3236,0.52,0.1025,0.3492,0.0209,0.3036,32.32,16.83,4.51,0.0,0.43603,0.02082,0.4803,0.0,15.37,14.984,0.6811,6.484,15,319,0,0,1200,0.86,380,820000,1,1,1,1,0,0,0.5231,0.2754,2.9475,14.7,3,14.7
2018-Q4,V-101,2018,4,14.704,1.929,0.231,62.53,56.36,0.24,5.691,1181.4,2778.7,183.2,47.18,0.3246,0.7611,0.1194,0.2531,0.0218,0.323,34.67,15.59,4.06,0.0,0.43603,0.02082,0.4803,0.0,15.37,14.873,0.6761,6.373,15,411,0,0,1200,0.86,380,820000,1,1,1,1,0,0,0.3902,0.2737,2.897,14.45,3,14.45
2019-Q1,V-101,2019,1,14.578,3.677,0.527,68.78,62.62,7.71,5.147,1283.5,1597.6,146.8,31.31,0.2776,0.524,0.0881,0.2498,0.023,0.3289,34.49,24.69,10.89,0.0,0.43603,0.02082,0.4803,0.0,14.69,14.603,0.6638,6.103,16,75,0,0,1200,0.86,380,820000,1,1,1,1,0,0,0.424,0.2984,2.774,14.39,3,14.39
2019-Q2,V-101,2019,2,14.155,1.952,0.23,67.88,62.81,16.13,9.725,1272.8,1639.5,146.5,30.53,0.3011,0.492,0.0979,0.2505,0.0207,0.3185,39.24,22.7,11.85,0.0,0.43603,0.02082,0.4803,0.0,14.69,14.497,0.659,5.997,16,166,0,0,1200,0.86,380,820000,1,1,1,1,0,0,0.4204,0.286,2.726,14.14,3,14.14
2019-Q3,V-101,2019,3,14.654,1.975,0.264,63.6,54.49,0.32,4.879,1150.2,1477.7,134.0,30.42,0.3077,0.564,0.1101,0.2483,0.0192,0.3062,34.98,13.79,3.14,0.0,0.43603,0.02082,0.4803,0.0,14.69,14.39,0.6541,5.89,16,258,0,0,1200,0.86,380,820000,1,1,1,1,0,0,0.3799,0.2774,2.6774,13.89,3,13.89
2019-Q4,V-101,2019,4,14.252,2.264,0.255,63.28,55.91,-0.23,5.592,1143.1,1506.1,139.1,34.86,0.3071,0.722,0.1145,0.2529,0.02,0.3032,35.09,14.77,-3.26,0.0109,0.43603,0.02082,0.4803,0.0,14.69,14.283,0.6492,5.783,16,350,0,0,1200,0.86,380,820000,1,1,1,1,0,0,0.3776,0.2684,2.6288,13.64,3,13.64
2020-Q1,V-101,2020,1,14.758,2.206,0.221,67.34,62.99,15.66,4.183,1242.6,1804.6,158.3,28.94,0.3049,0.5755,0.0872,0.2488,0.0199,0.3187,38.6,24.49,14.96,0.0,0.43603,0.02082,0.4803,0.0,14.37,14.322,0.651,5.822,17,45,0,0,1200,0.86,380,820000,1,1,1,1,0,0,0.4105,0.2958,2.6463,14.92,3,14.92
2020-Q3,V-101,2020,3,14.755,2.138,0.277,62.35,53.77,0.9,4.913,1150.1,1597.9,155.0,32.63,0.3276,0.6139,0.1095,0.2478,0.0202,0.3251,33.83,13.85,0.31,0.0,0.43603,0.02082,0.4803,0.0,14.37,14.126,0.6421,5.626,17,228,0,0,1200,0.86,380,820000,1,1,1,1,0,0,0.3799,0.2738,2.5574,14.42,3,14.42
2020-Q4,V-101,2020,4,14.401,2.155,0.284,62.26,56.19,0.27,4.916,1114.4,1377.0,130.7,30.57,0.3007,0.506,0.1005,0.2523,0.0209,0.3249,34.48,15.28,0.54,0.0,0.43603,0.02082,0.4803,0.0,14.37,14.028,0.6376,5.528,17,320,0,0,1200,0.86,380,820000,1,1,1,1,0,0,0.3681,0.2669,2.5126,14.16,3,14.16
2021-Q1,V-101,2021,1,14.418,2.039,0.281,82.32,78.1,15.63,4.217,1297.3,3327.8,209.8,76.77,0.3109,0.531,0.0943,0.2502,0.0207,0.4422,53.96,24.15,16.15,0.0,0.43603,0.02082,0.4803,0.0,13.92,13.827,0.6285,5.327,18,75,0,0,1200,0.86,380,820000,1,1,1,1,0,0,0.4285,0.3532,2.4214,11.77,3,11.77
2021-Q2,V-101,2021,2,14.145,1.931,0.263,84.02,77.88,15.72,5.038,1254.4,1703.1,175.7,31.64,0.2894,0.533,0.0937,0.2513,0.0194,0.428,56.08,21.79,10.95,0.0,0.43603,0.02082,0.4803,0.0,13.92,13.714,0.6234,5.214,18,166,0,0,1200,0.86,380,820000,1,1,1,1,0,0,0.4143,0.3537,2.3701,11.52,3,11.52
2021-Q3,V-101,2021,3,14.772,2.42,0.392,62.34,54.39,0.63,5.036,863.8,1128.5,97.1,23.28,0.2989,0.503,0.0989,0.1488,0.0185,0.3101,36.01,11.75,-3.05,0.0326,0.43603,0.02082,0.4803,0.0,13.92,13.6,0.6182,5.1,18,258,0,0,1200,0.86,380,820000,1,1,1,1,0,0,0.2853,0.2741,2.3182,11.27,3,11.27
2021-Q4,V-101,2021,4,14.527,2.145,0.255,62.43,57.31,0.59,8.582,853.9,1610.7,118.1,35.83,0.3137,0.554,0.0986,0.1514,0.0206,0.3083,36.86,12.98,-1.52,0.0109,0.43603,0.02082,0.4803,0.0,13.92,13.486,0.613,4.986,18,350,0,0,1200,0.86,380,820000,1,1,1,1,0,0,0.2821,0.2699,2.2663,11.01,3,11.01
2022-Q1,V-101,2022,1,15.807,2.736,0.423,69.44,63.99,15.18,3.418,1233.7,1655.1,169.0,33.94,0.3203,0.528,0.0949,0.2528,0.02,0.3404,40.14,23.89,12.34,0.0,0.43603,0.02082,0.4803,0.0,13.42,13.402,0.6092,4.902,19,16,0,0,1200,0.86,380,820000,1,1,1,1,0,0,0.4075,0.3267,2.228,11.71,3,11.71
2022-Q2,V-101,2022,2,15.547,2.465,0.23,68.91,62.36,15.73,4.819,1251.6,3083.0,176.6,51.12,0.3103,0.598,0.0933,0.2542,0.0229,0.3338,39.51,22.66,11.97,0.0,0.43603,0.02082,0.4803,0.0,13.42,13.297,0.6044,4.797,19,107,0,0,1200,0.86,380,820000,1,1,1,1,0,0,0.4134,0.3189,2.1806,11.46,3,11.46
2022-Q3,V-101,2022,3,15.604,2.309,0.205,62.7,54.79,0.98,5.337,1169.7,1546.5,140.8,29.7,0.2818,0.519,0.0905,0.2533,0.0183,0.298,34.67,13.96,1.17,0.0,0.43603,0.02082,0.4803,0.0,13.42,13.192,0.5996,4.692,19,199,0,0,1200,0.86,380,820000,1,1,1,1,0,0,0.3864,0.2912,2.1327,11.21,3,11.21
2022-Q4,V-101,2022,4,15.433,2.316,0.089,62.91,56.73,0.27,5.481,1137.9,1434.1,128.4,32.54,0.3295,0.62,0.1043,0.2479,0.0205,0.3067,35.34,14.33,0.59,0.0,0.43603,0.02082,0.4803,0.0,13.42,13.086,0.5948,4.586,19,291,0,0,1200,0.86,380,820000,1,1,1,1,0,0,0.3759,0.289,2.0847,10.96,3,10.96
